candidate_id,cap_id,bridge_id,core_id,product_smiles,cap_smiles,bridge_smiles,core_smiles,combined_heavy_atoms,combined_exact_mw,combined_rotatable_bonds,combined_aromatic_rings,combined_hetero_atoms,combined_clogp,combined_fraction_csp3,combined_tpsa
A014B065C094,A014,B065,C094,CN(C)c1ccc(C=Cc2ccc(C=Cc3ccc(N(C)C)cc3)o2)cc1,CN(C)c1ccc(B2OC(C)(C)C(C)(C)O2)cc1,CC1(C)C(=O)O[B-]2(/C=C/Br)OC(=O)C(C)(C)[N+]21C,Brc1ccc(Br)o1,27.0,358.20451345199996,6.0,3.0,3.0,5.752400000000006,0.16666666666666666,19.62
A014B066C094,A014,B066,C094,CN(C)c1ccc(C=Cc2ccc(C=Cc3ccc(N(C)C)cc3)o2)cc1,CN(C)c1ccc(B2OC(C)(C)C(C)(C)O2)cc1,CC1(C)C(=O)O[B-]2(/C=C\Br)OC(=O)C(C)(C)[N+]21C,Brc1ccc(Br)o1,27.0,358.20451345199996,6.0,3.0,3.0,5.752400000000006,0.16666666666666666,19.62
A014B065C069,A014,B065,C069,CN(C)c1ccc(C=Cc2ccoc2C=Cc2ccc(N(C)C)cc2)cc1,CN(C)c1ccc(B2OC(C)(C)C(C)(C)O2)cc1,CC1(C)C(=O)O[B-]2(/C=C/Br)OC(=O)C(C)(C)[N+]21C,Brc1ccoc1Br,27.0,358.204513452,6.0,3.0,3.0,5.752400000000007,0.16666666666666666,19.620000000000005
A014B065C115,A014,B065,C115,CN(C)c1ccc(C=Cc2cocc2C=Cc2ccc(N(C)C)cc2)cc1,CN(C)c1ccc(B2OC(C)(C)C(C)(C)O2)cc1,CC1(C)C(=O)O[B-]2(/C=C/Br)OC(=O)C(C)(C)[N+]21C,Brc1cocc1Br,27.0,358.204513452,6.0,3.0,3.0,5.752400000000007,0.16666666666666666,19.620000000000005
A014B066C069,A014,B066,C069,CN(C)c1ccc(C=Cc2ccoc2C=Cc2ccc(N(C)C)cc2)cc1,CN(C)c1ccc(B2OC(C)(C)C(C)(C)O2)cc1,CC1(C)C(=O)O[B-]2(/C=C\Br)OC(=O)C(C)(C)[N+]21C,Brc1ccoc1Br,27.0,358.204513452,6.0,3.0,3.0,5.752400000000007,0.16666666666666666,19.620000000000005
A014B066C115,A014,B066,C115,CN(C)c1ccc(C=Cc2cocc2C=Cc2ccc(N(C)C)cc2)cc1,CN(C)c1ccc(B2OC(C)(C)C(C)(C)O2)cc1,CC1(C)C(=O)O[B-]2(/C=C\Br)OC(=O)C(C)(C)[N+]21C,Brc1cocc1Br,27.0,358.204513452,6.0,3.0,3.0,5.752400000000007,0.16666666666666666,19.620000000000005
A014B065C025,A014,B065,C025,CN(C)c1ccc(C=Cc2ccc(C=Cc3ccc(N(C)C)cc3)s2)cc1,CN(C)c1ccc(B2OC(C)(C)C(C)(C)O2)cc1,CC1(C)C(=O)O[B-]2(/C=C/Br)OC(=O)C(C)(C)[N+]21C,Brc1ccc(Br)s1,27.0,374.18166983199995,6.0,3.0,3.0,6.220900000000006,0.16666666666666666,6.48
A014B066C025,A014,B066,C025,CN(C)c1ccc(C=Cc2ccc(C=Cc3ccc(N(C)C)cc3)s2)cc1,CN(C)c1ccc(B2OC(C)(C)C(C)(C)O2)cc1,CC1(C)C(=O)O[B-]2(/C=C\Br)OC(=O)C(C)(C)[N+]21C,Brc1ccc(Br)s1,27.0,374.18166983199995,6.0,3.0,3.0,6.220900000000006,0.16666666666666666,6.48
A014B065C070,A014,B065,C070,CN(C)c1ccc(C=Cc2ccsc2C=Cc2ccc(N(C)C)cc2)cc1,CN(C)c1ccc(B2OC(C)(C)C(C)(C)O2)cc1,CC1(C)C(=O)O[B-]2(/C=C/Br)OC(=O)C(C)(C)[N+]21C,Brc1ccsc1Br,27.0,374.181669832,6.0,3.0,3.0,6.2209000000000065,0.16666666666666666,6.48
A014B066C070,A014,B066,C070,CN(C)c1ccc(C=Cc2ccsc2C=Cc2ccc(N(C)C)cc2)cc1,CN(C)c1ccc(B2OC(C)(C)C(C)(C)O2)cc1,CC1(C)C(=O)O[B-]2(/C=C\Br)OC(=O)C(C)(C)[N+]21C,Brc1ccsc1Br,27.0,374.181669832,6.0,3.0,3.0,6.2209000000000065,0.16666666666666666,6.48
A014B065C078,A014,B065,C078,CN(C)c1ccc(C=Cc2csc(C=Cc3ccc(N(C)C)cc3)n2)cc1,CN(C)c1ccc(B2OC(C)(C)C(C)(C)O2)cc1,CC1(C)C(=O)O[B-]2(/C=C/Br)OC(=O)C(C)(C)[N+]21C,Brc1csc(Br)n1,27.0,375.17691880000007,6.0,3.0,4.0,5.615900000000006,0.17391304347826086,19.37
A014B065C100,A014,B065,C100,CN(C)c1ccc(C=Cc2cnc(C=Cc3ccc(N(C)C)cc3)s2)cc1,CN(C)c1ccc(B2OC(C)(C)C(C)(C)O2)cc1,CC1(C)C(=O)O[B-]2(/C=C/Br)OC(=O)C(C)(C)[N+]21C,Brc1cnc(Br)s1,27.0,375.17691880000007,6.0,3.0,4.0,5.615900000000005,0.17391304347826086,19.370000000000005
A014B066C078,A014,B066,C078,CN(C)c1ccc(C=Cc2csc(C=Cc3ccc(N(C)C)cc3)n2)cc1,CN(C)c1ccc(B2OC(C)(C)C(C)(C)O2)cc1,CC1(C)C(=O)O[B-]2(/C=C\Br)OC(=O)C(C)(C)[N+]21C,Brc1csc(Br)n1,27.0,375.17691880000007,6.0,3.0,4.0,5.615900000000006,0.17391304347826086,19.37
A014B066C100,A014,B066,C100,CN(C)c1ccc(C=Cc2cnc(C=Cc3ccc(N(C)C)cc3)s2)cc1,CN(C)c1ccc(B2OC(C)(C)C(C)(C)O2)cc1,CC1(C)C(=O)O[B-]2(/C=C\Br)OC(=O)C(C)(C)[N+]21C,Brc1cnc(Br)s1,27.0,375.17691880000007,6.0,3.0,4.0,5.615900000000005,0.17391304347826086,19.370000000000005
A014B065C080,A014,B065,C080,CN(C)c1ccc(C=Cc2nnc(C=Cc3ccc(N(C)C)cc3)s2)cc1,CN(C)c1ccc(B2OC(C)(C)C(C)(C)O2)cc1,CC1(C)C(=O)O[B-]2(/C=C/Br)OC(=O)C(C)(C)[N+]21C,Brc1nnc(Br)s1,27.0,376.172167768,6.0,3.0,5.0,5.010900000000005,0.18181818181818182,32.260000000000005
A014B066C080,A014,B066,C080,CN(C)c1ccc(C=Cc2nnc(C=Cc3ccc(N(C)C)cc3)s2)cc1,CN(C)c1ccc(B2OC(C)(C)C(C)(C)O2)cc1,CC1(C)C(=O)O[B-]2(/C=C\Br)OC(=O)C(C)(C)[N+]21C,Brc1nnc(Br)s1,27.0,376.172167768,6.0,3.0,5.0,5.010900000000005,0.18181818181818182,32.260000000000005
A014B065C036,A014,B065,C036,CN(C)c1ccc(C=Cc2cccc(C=Cc3ccc(N(C)C)cc3)c2)cc1,CN(C)c1ccc(B2OC(C)(C)C(C)(C)O2)cc1,CC1(C)C(=O)O[B-]2(/C=C/Br)OC(=O)C(C)(C)[N+]21C,Brc1cccc(Br)c1,28.0,368.225248896,6.0,3.0,2.0,6.159400000000007,0.15384615384615385,6.48
A014B066C036,A014,B066,C036,CN(C)c1ccc(C=Cc2cccc(C=Cc3ccc(N(C)C)cc3)c2)cc1,CN(C)c1ccc(B2OC(C)(C)C(C)(C)O2)cc1,CC1(C)C(=O)O[B-]2(/C=C\Br)OC(=O)C(C)(C)[N+]21C,Brc1cccc(Br)c1,28.0,368.225248896,6.0,3.0,2.0,6.159400000000007,0.15384615384615385,6.48
A014B065C041,A014,B065,C041,CN(C)c1ccc(C=Cc2cccc(C=Cc3ccc(N(C)C)cc3)n2)cc1,CN(C)c1ccc(B2OC(C)(C)C(C)(C)O2)cc1,CC1(C)C(=O)O[B-]2(/C=C/Br)OC(=O)C(C)(C)[N+]21C,Brc1cccc(Br)n1,28.0,369.22049786400004,6.0,3.0,3.0,5.554400000000006,0.16,19.37
A014B066C041,A014,B066,C041,CN(C)c1ccc(C=Cc2cccc(C=Cc3ccc(N(C)C)cc3)n2)cc1,CN(C)c1ccc(B2OC(C)(C)C(C)(C)O2)cc1,CC1(C)C(=O)O[B-]2(/C=C\Br)OC(=O)C(C)(C)[N+]21C,Brc1cccc(Br)n1,28.0,369.22049786400004,6.0,3.0,3.0,5.554400000000006,0.16,19.37
A042B065C094,A042,B065,C094,Cn1ccc2cc(C=Cc3ccc(C=Cc4ccc5c(ccn5C)c4)o3)ccc21,Cn1ccc2cc(B3OC(C)(C)C(C)(C)O3)ccc21,CC1(C)C(=O)O[B-]2(/C=C/Br)OC(=O)C(C)(C)[N+]21C,Brc1ccc(Br)o1,29.0,378.17321332399996,4.0,5.0,3.0,6.603800000000006,0.07692307692307693,23.0
A042B066C094,A042,B066,C094,Cn1ccc2cc(C=Cc3ccc(C=Cc4ccc5c(ccn5C)c4)o3)ccc21,Cn1ccc2cc(B3OC(C)(C)C(C)(C)O3)ccc21,CC1(C)C(=O)O[B-]2(/C=C\Br)OC(=O)C(C)(C)[N+]21C,Brc1ccc(Br)o1,29.0,378.17321332399996,4.0,5.0,3.0,6.603800000000006,0.07692307692307693,23.0
A042B065C069,A042,B065,C069,Cn1ccc2cc(C=Cc3ccoc3C=Cc3ccc4c(ccn4C)c3)ccc21,Cn1ccc2cc(B3OC(C)(C)C(C)(C)O3)ccc21,CC1(C)C(=O)O[B-]2(/C=C/Br)OC(=O)C(C)(C)[N+]21C,Brc1ccoc1Br,29.0,378.173213324,4.0,5.0,3.0,6.603800000000006,0.07692307692307693,23.0
A042B065C115,A042,B065,C115,Cn1ccc2cc(C=Cc3cocc3C=Cc3ccc4c(ccn4C)c3)ccc21,Cn1ccc2cc(B3OC(C)(C)C(C)(C)O3)ccc21,CC1(C)C(=O)O[B-]2(/C=C/Br)OC(=O)C(C)(C)[N+]21C,Brc1cocc1Br,29.0,378.173213324,4.0,5.0,3.0,6.603800000000006,0.07692307692307693,23.0
A042B066C069,A042,B066,C069,Cn1ccc2cc(C=Cc3ccoc3C=Cc3ccc4c(ccn4C)c3)ccc21,Cn1ccc2cc(B3OC(C)(C)C(C)(C)O3)ccc21,CC1(C)C(=O)O[B-]2(/C=C\Br)OC(=O)C(C)(C)[N+]21C,Brc1ccoc1Br,29.0,378.173213324,4.0,5.0,3.0,6.603800000000006,0.07692307692307693,23.0
A042B066C115,A042,B066,C115,Cn1ccc2cc(C=Cc3cocc3C=Cc3ccc4c(ccn4C)c3)ccc21,Cn1ccc2cc(B3OC(C)(C)C(C)(C)O3)ccc21,CC1(C)C(=O)O[B-]2(/C=C\Br)OC(=O)C(C)(C)[N+]21C,Brc1cocc1Br,29.0,378.173213324,4.0,5.0,3.0,6.603800000000006,0.07692307692307693,23.0
A041B065C069,A041,B065,C069,Cn1cnc2ccc(C=Cc3ccoc3C=Cc3ccc4ncn(C)c4c3)cc21,Cn1cnc2ccc(B3OC(C)(C)C(C)(C)O3)cc21,CC1(C)C(=O)O[B-]2(/C=C/Br)OC(=O)C(C)(C)[N+]21C,Brc1ccoc1Br,29.0,380.16371126,4.0,5.0,5.0,5.393800000000005,0.08333333333333333,48.78
A041B065C094,A041,B065,C094,Cn1cnc2ccc(C=Cc3ccc(C=Cc4ccc5ncn(C)c5c4)o3)cc21,Cn1cnc2ccc(B3OC(C)(C)C(C)(C)O3)cc21,CC1(C)C(=O)O[B-]2(/C=C/Br)OC(=O)C(C)(C)[N+]21C,Brc1ccc(Br)o1,29.0,380.16371126,4.0,5.0,5.0,5.393800000000005,0.08333333333333333,48.78
A041B065C115,A041,B065,C115,Cn1cnc2ccc(C=Cc3cocc3C=Cc3ccc4ncn(C)c4c3)cc21,Cn1cnc2ccc(B3OC(C)(C)C(C)(C)O3)cc21,CC1(C)C(=O)O[B-]2(/C=C/Br)OC(=O)C(C)(C)[N+]21C,Brc1cocc1Br,29.0,380.16371126,4.0,5.0,5.0,5.393800000000005,0.08333333333333333,48.78
A041B066C069,A041,B066,C069,Cn1cnc2ccc(C=Cc3ccoc3C=Cc3ccc4ncn(C)c4c3)cc21,Cn1cnc2ccc(B3OC(C)(C)C(C)(C)O3)cc21,CC1(C)C(=O)O[B-]2(/C=C\Br)OC(=O)C(C)(C)[N+]21C,Brc1ccoc1Br,29.0,380.16371126,4.0,5.0,5.0,5.393800000000005,0.08333333333333333,48.78
A041B066C094,A041,B066,C094,Cn1cnc2ccc(C=Cc3ccc(C=Cc4ccc5ncn(C)c5c4)o3)cc21,Cn1cnc2ccc(B3OC(C)(C)C(C)(C)O3)cc21,CC1(C)C(=O)O[B-]2(/C=C\Br)OC(=O)C(C)(C)[N+]21C,Brc1ccc(Br)o1,29.0,380.16371126,4.0,5.0,5.0,5.393800000000005,0.08333333333333333,48.78
A041B066C115,A041,B066,C115,Cn1cnc2ccc(C=Cc3cocc3C=Cc3ccc4ncn(C)c4c3)cc21,Cn1cnc2ccc(B3OC(C)(C)C(C)(C)O3)cc21,CC1(C)C(=O)O[B-]2(/C=C\Br)OC(=O)C(C)(C)[N+]21C,Brc1cocc1Br,29.0,380.16371126,4.0,5.0,5.0,5.393800000000005,0.08333333333333333,48.78
A042B065C025,A042,B065,C025,Cn1ccc2cc(C=Cc3ccc(C=Cc4ccc5c(ccn5C)c4)s3)ccc21,Cn1ccc2cc(B3OC(C)(C)C(C)(C)O3)ccc21,CC1(C)C(=O)O[B-]2(/C=C/Br)OC(=O)C(C)(C)[N+]21C,Brc1ccc(Br)s1,29.0,394.15036970399996,4.0,5.0,3.0,7.072300000000006,0.07692307692307693,9.86
A042B066C025,A042,B066,C025,Cn1ccc2cc(C=Cc3ccc(C=Cc4ccc5c(ccn5C)c4)s3)ccc21,Cn1ccc2cc(B3OC(C)(C)C(C)(C)O3)ccc21,CC1(C)C(=O)O[B-]2(/C=C\Br)OC(=O)C(C)(C)[N+]21C,Brc1ccc(Br)s1,29.0,394.15036970399996,4.0,5.0,3.0,7.072300000000006,0.07692307692307693,9.86
A042B065C070,A042,B065,C070,Cn1ccc2cc(C=Cc3ccsc3C=Cc3ccc4c(ccn4C)c3)ccc21,Cn1ccc2cc(B3OC(C)(C)C(C)(C)O3)ccc21,CC1(C)C(=O)O[B-]2(/C=C/Br)OC(=O)C(C)(C)[N+]21C,Brc1ccsc1Br,29.0,394.150369704,4.0,5.0,3.0,7.072300000000006,0.07692307692307693,9.86
A042B066C070,A042,B066,C070,Cn1ccc2cc(C=Cc3ccsc3C=Cc3ccc4c(ccn4C)c3)ccc21,Cn1ccc2cc(B3OC(C)(C)C(C)(C)O3)ccc21,CC1(C)C(=O)O[B-]2(/C=C\Br)OC(=O)C(C)(C)[N+]21C,Brc1ccsc1Br,29.0,394.150369704,4.0,5.0,3.0,7.072300000000006,0.07692307692307693,9.86
A042B065C078,A042,B065,C078,Cn1ccc2cc(C=Cc3csc(C=Cc4ccc5c(ccn5C)c4)n3)ccc21,Cn1ccc2cc(B3OC(C)(C)C(C)(C)O3)ccc21,CC1(C)C(=O)O[B-]2(/C=C/Br)OC(=O)C(C)(C)[N+]21C,Brc1csc(Br)n1,29.0,395.14561867200007,4.0,5.0,4.0,6.467300000000006,0.08,22.75
A042B065C100,A042,B065,C100,Cn1ccc2cc(C=Cc3cnc(C=Cc4ccc5c(ccn5C)c4)s3)ccc21,Cn1ccc2cc(B3OC(C)(C)C(C)(C)O3)ccc21,CC1(C)C(=O)O[B-]2(/C=C/Br)OC(=O)C(C)(C)[N+]21C,Brc1cnc(Br)s1,29.0,395.14561867200007,4.0,5.0,4.0,6.467300000000005,0.08,22.75
A042B066C078,A042,B066,C078,Cn1ccc2cc(C=Cc3csc(C=Cc4ccc5c(ccn5C)c4)n3)ccc21,Cn1ccc2cc(B3OC(C)(C)C(C)(C)O3)ccc21,CC1(C)C(=O)O[B-]2(/C=C\Br)OC(=O)C(C)(C)[N+]21C,Brc1csc(Br)n1,29.0,395.14561867200007,4.0,5.0,4.0,6.467300000000006,0.08,22.75
A042B066C100,A042,B066,C100,Cn1ccc2cc(C=Cc3cnc(C=Cc4ccc5c(ccn5C)c4)s3)ccc21,Cn1ccc2cc(B3OC(C)(C)C(C)(C)O3)ccc21,CC1(C)C(=O)O[B-]2(/C=C\Br)OC(=O)C(C)(C)[N+]21C,Brc1cnc(Br)s1,29.0,395.14561867200007,4.0,5.0,4.0,6.467300000000005,0.08,22.75
A041B065C025,A041,B065,C025,Cn1cnc2ccc(C=Cc3ccc(C=Cc4ccc5ncn(C)c5c4)s3)cc21,Cn1cnc2ccc(B3OC(C)(C)C(C)(C)O3)cc21,CC1(C)C(=O)O[B-]2(/C=C/Br)OC(=O)C(C)(C)[N+]21C,Brc1ccc(Br)s1,29.0,396.14086764,4.0,5.0,5.0,5.862300000000005,0.08333333333333333,35.64
A041B065C070,A041,B065,C070,Cn1cnc2ccc(C=Cc3ccsc3C=Cc3ccc4ncn(C)c4c3)cc21,Cn1cnc2ccc(B3OC(C)(C)C(C)(C)O3)cc21,CC1(C)C(=O)O[B-]2(/C=C/Br)OC(=O)C(C)(C)[N+]21C,Brc1ccsc1Br,29.0,396.14086764,4.0,5.0,5.0,5.862300000000005,0.08333333333333333,35.64
A041B066C025,A041,B066,C025,Cn1cnc2ccc(C=Cc3ccc(C=Cc4ccc5ncn(C)c5c4)s3)cc21,Cn1cnc2ccc(B3OC(C)(C)C(C)(C)O3)cc21,CC1(C)C(=O)O[B-]2(/C=C\Br)OC(=O)C(C)(C)[N+]21C,Brc1ccc(Br)s1,29.0,396.14086764,4.0,5.0,5.0,5.862300000000005,0.08333333333333333,35.64
A041B066C070,A041,B066,C070,Cn1cnc2ccc(C=Cc3ccsc3C=Cc3ccc4ncn(C)c4c3)cc21,Cn1cnc2ccc(B3OC(C)(C)C(C)(C)O3)cc21,CC1(C)C(=O)O[B-]2(/C=C\Br)OC(=O)C(C)(C)[N+]21C,Brc1ccsc1Br,29.0,396.14086764,4.0,5.0,5.0,5.862300000000005,0.08333333333333333,35.64
A042B065C080,A042,B065,C080,Cn1ccc2cc(C=Cc3nnc(C=Cc4ccc5c(ccn5C)c4)s3)ccc21,Cn1ccc2cc(B3OC(C)(C)C(C)(C)O3)ccc21,CC1(C)C(=O)O[B-]2(/C=C/Br)OC(=O)C(C)(C)[N+]21C,Brc1nnc(Br)s1,29.0,396.14086764,4.0,5.0,5.0,5.862300000000005,0.08333333333333333,35.64
A042B066C080,A042,B066,C080,Cn1ccc2cc(C=Cc3nnc(C=Cc4ccc5c(ccn5C)c4)s3)ccc21,Cn1ccc2cc(B3OC(C)(C)C(C)(C)O3)ccc21,CC1(C)C(=O)O[B-]2(/C=C\Br)OC(=O)C(C)(C)[N+]21C,Brc1nnc(Br)s1,29.0,396.14086764,4.0,5.0,5.0,5.862300000000005,0.08333333333333333,35.64
A041B065C100,A041,B065,C100,Cn1cnc2ccc(C=Cc3cnc(C=Cc4ccc5ncn(C)c5c4)s3)cc21,Cn1cnc2ccc(B3OC(C)(C)C(C)(C)O3)cc21,CC1(C)C(=O)O[B-]2(/C=C/Br)OC(=O)C(C)(C)[N+]21C,Brc1cnc(Br)s1,29.0,397.136116608,4.0,5.0,6.0,5.257300000000003,0.08695652173913043,48.53
A041B066C100,A041,B066,C100,Cn1cnc2ccc(C=Cc3cnc(C=Cc4ccc5ncn(C)c5c4)s3)cc21,Cn1cnc2ccc(B3OC(C)(C)C(C)(C)O3)cc21,CC1(C)C(=O)O[B-]2(/C=C\Br)OC(=O)C(C)(C)[N+]21C,Brc1cnc(Br)s1,29.0,397.136116608,4.0,5.0,6.0,5.257300000000003,0.08695652173913043,48.53
A041B065C078,A041,B065,C078,Cn1cnc2ccc(C=Cc3csc(C=Cc4ccc5ncn(C)c5c4)n3)cc21,Cn1cnc2ccc(B3OC(C)(C)C(C)(C)O3)cc21,CC1(C)C(=O)O[B-]2(/C=C/Br)OC(=O)C(C)(C)[N+]21C,Brc1csc(Br)n1,29.0,397.13611660800007,4.0,5.0,6.0,5.257300000000005,0.08695652173913043,48.53
A041B066C078,A041,B066,C078,Cn1cnc2ccc(C=Cc3csc(C=Cc4ccc5ncn(C)c5c4)n3)cc21,Cn1cnc2ccc(B3OC(C)(C)C(C)(C)O3)cc21,CC1(C)C(=O)O[B-]2(/C=C\Br)OC(=O)C(C)(C)[N+]21C,Brc1csc(Br)n1,29.0,397.13611660800007,4.0,5.0,6.0,5.257300000000005,0.08695652173913043,48.53
A041B065C080,A041,B065,C080,Cn1cnc2ccc(C=Cc3nnc(C=Cc4ccc5ncn(C)c5c4)s3)cc21,Cn1cnc2ccc(B3OC(C)(C)C(C)(C)O3)cc21,CC1(C)C(=O)O[B-]2(/C=C/Br)OC(=O)C(C)(C)[N+]21C,Brc1nnc(Br)s1,29.0,398.13136557600006,4.0,5.0,7.0,4.652300000000003,0.09090909090909091,61.42
A041B066C080,A041,B066,C080,Cn1cnc2ccc(C=Cc3nnc(C=Cc4ccc5ncn(C)c5c4)s3)cc21,Cn1cnc2ccc(B3OC(C)(C)C(C)(C)O3)cc21,CC1(C)C(=O)O[B-]2(/C=C\Br)OC(=O)C(C)(C)[N+]21C,Brc1nnc(Br)s1,29.0,398.13136557600006,4.0,5.0,7.0,4.652300000000003,0.09090909090909091,61.42
A042B065C036,A042,B065,C036,Cn1ccc2cc(C=Cc3cccc(C=Cc4ccc5c(ccn5C)c4)c3)ccc21,Cn1ccc2cc(B3OC(C)(C)C(C)(C)O3)ccc21,CC1(C)C(=O)O[B-]2(/C=C/Br)OC(=O)C(C)(C)[N+]21C,Brc1cccc(Br)c1,30.0,388.193948768,4.0,5.0,2.0,7.010800000000006,0.07142857142857142,9.86
A042B066C036,A042,B066,C036,Cn1ccc2cc(C=Cc3cccc(C=Cc4ccc5c(ccn5C)c4)c3)ccc21,Cn1ccc2cc(B3OC(C)(C)C(C)(C)O3)ccc21,CC1(C)C(=O)O[B-]2(/C=C\Br)OC(=O)C(C)(C)[N+]21C,Brc1cccc(Br)c1,30.0,388.193948768,4.0,5.0,2.0,7.010800000000006,0.07142857142857142,9.86
A042B065C041,A042,B065,C041,Cn1ccc2cc(C=Cc3cccc(C=Cc4ccc5c(ccn5C)c4)n3)ccc21,Cn1ccc2cc(B3OC(C)(C)C(C)(C)O3)ccc21,CC1(C)C(=O)O[B-]2(/C=C/Br)OC(=O)C(C)(C)[N+]21C,Brc1cccc(Br)n1,30.0,389.18919773600004,4.0,5.0,3.0,6.4058000000000055,0.07407407407407407,22.75
A042B066C041,A042,B066,C041,Cn1ccc2cc(C=Cc3cccc(C=Cc4ccc5c(ccn5C)c4)n3)ccc21,Cn1ccc2cc(B3OC(C)(C)C(C)(C)O3)ccc21,CC1(C)C(=O)O[B-]2(/C=C\Br)OC(=O)C(C)(C)[N+]21C,Brc1cccc(Br)n1,30.0,389.18919773600004,4.0,5.0,3.0,6.4058000000000055,0.07407407407407407,22.75
A041B065C036,A041,B065,C036,Cn1cnc2ccc(C=Cc3cccc(C=Cc4ccc5ncn(C)c5c4)c3)cc21,Cn1cnc2ccc(B3OC(C)(C)C(C)(C)O3)cc21,CC1(C)C(=O)O[B-]2(/C=C/Br)OC(=O)C(C)(C)[N+]21C,Brc1cccc(Br)c1,30.0,390.18444670400004,4.0,5.0,4.0,5.800800000000005,0.07692307692307693,35.64
A041B066C036,A041,B066,C036,Cn1cnc2ccc(C=Cc3cccc(C=Cc4ccc5ncn(C)c5c4)c3)cc21,Cn1cnc2ccc(B3OC(C)(C)C(C)(C)O3)cc21,CC1(C)C(=O)O[B-]2(/C=C\Br)OC(=O)C(C)(C)[N+]21C,Brc1cccc(Br)c1,30.0,390.18444670400004,4.0,5.0,4.0,5.800800000000005,0.07692307692307693,35.64
A041B065C041,A041,B065,C041,Cn1cnc2ccc(C=Cc3cccc(C=Cc4ccc5ncn(C)c5c4)n3)cc21,Cn1cnc2ccc(B3OC(C)(C)C(C)(C)O3)cc21,CC1(C)C(=O)O[B-]2(/C=C/Br)OC(=O)C(C)(C)[N+]21C,Brc1cccc(Br)n1,30.0,391.1796956720001,4.0,5.0,5.0,5.195800000000005,0.08,48.53
A041B066C041,A041,B066,C041,Cn1cnc2ccc(C=Cc3cccc(C=Cc4ccc5ncn(C)c5c4)n3)cc21,Cn1cnc2ccc(B3OC(C)(C)C(C)(C)O3)cc21,CC1(C)C(=O)O[B-]2(/C=C\Br)OC(=O)C(C)(C)[N+]21C,Brc1cccc(Br)n1,30.0,391.1796956720001,4.0,5.0,5.0,5.195800000000005,0.08,48.53
A031B065C069,A031,B065,C069,C(=Cc1ccoc1C=Cc1ccc(-n2ccnc2)cc1)c1ccc(-n2ccnc2)cc1,CC1(C)OB(c2ccc(-n3ccnc3)cc2)OC1(C)C,CC1(C)C(=O)O[B-]2(/C=C/Br)OC(=O)C(C)(C)[N+]21C,Brc1ccoc1Br,31.0,404.16371126,6.0,5.0,5.0,5.991800000000007,0.0,48.78
A031B065C094,A031,B065,C094,C(=Cc1ccc(C=Cc2ccc(-n3ccnc3)cc2)o1)c1ccc(-n2ccnc2)cc1,CC1(C)OB(c2ccc(-n3ccnc3)cc2)OC1(C)C,CC1(C)C(=O)O[B-]2(/C=C/Br)OC(=O)C(C)(C)[N+]21C,Brc1ccc(Br)o1,31.0,404.16371126,6.0,5.0,5.0,5.991800000000006,0.0,48.78
A031B065C115,A031,B065,C115,C(=Cc1cocc1C=Cc1ccc(-n2ccnc2)cc1)c1ccc(-n2ccnc2)cc1,CC1(C)OB(c2ccc(-n3ccnc3)cc2)OC1(C)C,CC1(C)C(=O)O[B-]2(/C=C/Br)OC(=O)C(C)(C)[N+]21C,Brc1cocc1Br,31.0,404.16371126,6.0,5.0,5.0,5.991800000000006,0.0,48.78
A031B066C069,A031,B066,C069,C(=Cc1ccoc1C=Cc1ccc(-n2ccnc2)cc1)c1ccc(-n2ccnc2)cc1,CC1(C)OB(c2ccc(-n3ccnc3)cc2)OC1(C)C,CC1(C)C(=O)O[B-]2(/C=C\Br)OC(=O)C(C)(C)[N+]21C,Brc1ccoc1Br,31.0,404.16371126,6.0,5.0,5.0,5.991800000000007,0.0,48.78
A031B066C094,A031,B066,C094,C(=Cc1ccc(C=Cc2ccc(-n3ccnc3)cc2)o1)c1ccc(-n2ccnc2)cc1,CC1(C)OB(c2ccc(-n3ccnc3)cc2)OC1(C)C,CC1(C)C(=O)O[B-]2(/C=C\Br)OC(=O)C(C)(C)[N+]21C,Brc1ccc(Br)o1,31.0,404.16371126,6.0,5.0,5.0,5.991800000000006,0.0,48.78
A031B066C115,A031,B066,C115,C(=Cc1cocc1C=Cc1ccc(-n2ccnc2)cc1)c1ccc(-n2ccnc2)cc1,CC1(C)OB(c2ccc(-n3ccnc3)cc2)OC1(C)C,CC1(C)C(=O)O[B-]2(/C=C\Br)OC(=O)C(C)(C)[N+]21C,Brc1cocc1Br,31.0,404.16371126,6.0,5.0,5.0,5.991800000000006,0.0,48.78
A031B065C025,A031,B065,C025,C(=Cc1ccc(C=Cc2ccc(-n3ccnc3)cc2)s1)c1ccc(-n2ccnc2)cc1,CC1(C)OB(c2ccc(-n3ccnc3)cc2)OC1(C)C,CC1(C)C(=O)O[B-]2(/C=C/Br)OC(=O)C(C)(C)[N+]21C,Brc1ccc(Br)s1,31.0,420.14086764,6.0,5.0,5.0,6.4603000000000055,0.0,35.64
A031B065C070,A031,B065,C070,C(=Cc1ccsc1C=Cc1ccc(-n2ccnc2)cc1)c1ccc(-n2ccnc2)cc1,CC1(C)OB(c2ccc(-n3ccnc3)cc2)OC1(C)C,CC1(C)C(=O)O[B-]2(/C=C/Br)OC(=O)C(C)(C)[N+]21C,Brc1ccsc1Br,31.0,420.14086764,6.0,5.0,5.0,6.460300000000006,0.0,35.64
A031B066C025,A031,B066,C025,C(=Cc1ccc(C=Cc2ccc(-n3ccnc3)cc2)s1)c1ccc(-n2ccnc2)cc1,CC1(C)OB(c2ccc(-n3ccnc3)cc2)OC1(C)C,CC1(C)C(=O)O[B-]2(/C=C\Br)OC(=O)C(C)(C)[N+]21C,Brc1ccc(Br)s1,31.0,420.14086764,6.0,5.0,5.0,6.4603000000000055,0.0,35.64
A031B066C070,A031,B066,C070,C(=Cc1ccsc1C=Cc1ccc(-n2ccnc2)cc1)c1ccc(-n2ccnc2)cc1,CC1(C)OB(c2ccc(-n3ccnc3)cc2)OC1(C)C,CC1(C)C(=O)O[B-]2(/C=C\Br)OC(=O)C(C)(C)[N+]21C,Brc1ccsc1Br,31.0,420.14086764,6.0,5.0,5.0,6.460300000000006,0.0,35.64
A031B065C078,A031,B065,C078,C(=Cc1csc(C=Cc2ccc(-n3ccnc3)cc2)n1)c1ccc(-n2ccnc2)cc1,CC1(C)OB(c2ccc(-n3ccnc3)cc2)OC1(C)C,CC1(C)C(=O)O[B-]2(/C=C/Br)OC(=O)C(C)(C)[N+]21C,Brc1csc(Br)n1,31.0,421.13611660800007,6.0,5.0,6.0,5.855300000000006,0.0,48.53
A031B065C100,A031,B065,C100,C(=Cc1cnc(C=Cc2ccc(-n3ccnc3)cc2)s1)c1ccc(-n2ccnc2)cc1,CC1(C)OB(c2ccc(-n3ccnc3)cc2)OC1(C)C,CC1(C)C(=O)O[B-]2(/C=C/Br)OC(=O)C(C)(C)[N+]21C,Brc1cnc(Br)s1,31.0,421.13611660800007,6.0,5.0,6.0,5.855300000000004,0.0,48.53
A031B066C078,A031,B066,C078,C(=Cc1csc(C=Cc2ccc(-n3ccnc3)cc2)n1)c1ccc(-n2ccnc2)cc1,CC1(C)OB(c2ccc(-n3ccnc3)cc2)OC1(C)C,CC1(C)C(=O)O[B-]2(/C=C\Br)OC(=O)C(C)(C)[N+]21C,Brc1csc(Br)n1,31.0,421.13611660800007,6.0,5.0,6.0,5.855300000000006,0.0,48.53
A031B066C100,A031,B066,C100,C(=Cc1cnc(C=Cc2ccc(-n3ccnc3)cc2)s1)c1ccc(-n2ccnc2)cc1,CC1(C)OB(c2ccc(-n3ccnc3)cc2)OC1(C)C,CC1(C)C(=O)O[B-]2(/C=C\Br)OC(=O)C(C)(C)[N+]21C,Brc1cnc(Br)s1,31.0,421.13611660800007,6.0,5.0,6.0,5.855300000000004,0.0,48.53
A031B065C080,A031,B065,C080,C(=Cc1nnc(C=Cc2ccc(-n3ccnc3)cc2)s1)c1ccc(-n2ccnc2)cc1,CC1(C)OB(c2ccc(-n3ccnc3)cc2)OC1(C)C,CC1(C)C(=O)O[B-]2(/C=C/Br)OC(=O)C(C)(C)[N+]21C,Brc1nnc(Br)s1,31.0,422.13136557600006,6.0,5.0,7.0,5.250300000000005,0.0,61.42
A031B066C080,A031,B066,C080,C(=Cc1nnc(C=Cc2ccc(-n3ccnc3)cc2)s1)c1ccc(-n2ccnc2)cc1,CC1(C)OB(c2ccc(-n3ccnc3)cc2)OC1(C)C,CC1(C)C(=O)O[B-]2(/C=C\Br)OC(=O)C(C)(C)[N+]21C,Brc1nnc(Br)s1,31.0,422.13136557600006,6.0,5.0,7.0,5.250300000000005,0.0,61.42
A031B065C036,A031,B065,C036,C(=Cc1cccc(C=Cc2ccc(-n3ccnc3)cc2)c1)c1ccc(-n2ccnc2)cc1,CC1(C)OB(c2ccc(-n3ccnc3)cc2)OC1(C)C,CC1(C)C(=O)O[B-]2(/C=C/Br)OC(=O)C(C)(C)[N+]21C,Brc1cccc(Br)c1,32.0,414.18444670400004,6.0,5.0,4.0,6.398800000000007,0.0,35.64
A031B066C036,A031,B066,C036,C(=Cc1cccc(C=Cc2ccc(-n3ccnc3)cc2)c1)c1ccc(-n2ccnc2)cc1,CC1(C)OB(c2ccc(-n3ccnc3)cc2)OC1(C)C,CC1(C)C(=O)O[B-]2(/C=C\Br)OC(=O)C(C)(C)[N+]21C,Brc1cccc(Br)c1,32.0,414.18444670400004,6.0,5.0,4.0,6.398800000000007,0.0,35.64
A031B065C041,A031,B065,C041,C(=Cc1cccc(C=Cc2ccc(-n3ccnc3)cc2)n1)c1ccc(-n2ccnc2)cc1,CC1(C)OB(c2ccc(-n3ccnc3)cc2)OC1(C)C,CC1(C)C(=O)O[B-]2(/C=C/Br)OC(=O)C(C)(C)[N+]21C,Brc1cccc(Br)n1,32.0,415.1796956720001,6.0,5.0,5.0,5.793800000000006,0.0,48.53
A031B066C041,A031,B066,C041,C(=Cc1cccc(C=Cc2ccc(-n3ccnc3)cc2)n1)c1ccc(-n2ccnc2)cc1,CC1(C)OB(c2ccc(-n3ccnc3)cc2)OC1(C)C,CC1(C)C(=O)O[B-]2(/C=C\Br)OC(=O)C(C)(C)[N+]21C,Brc1cccc(Br)n1,32.0,415.1796956720001,6.0,5.0,5.0,5.793800000000006,0.0,48.53
A014B067C094,A014,B067,C094,CN(C)c1ccc(-c2cc(-c3ccc(-c4cc(-c5ccc(N(C)C)cc5)no4)o3)on2)cc1,CN(C)c1ccc(B2OC(C)(C)C(C)(C)O2)cc1,CC1(C)C(=O)O[B-]2(c3cc(Br)no3)OC(=O)C(C)(C)[N+]21C,Brc1ccc(Br)o1,33.0,440.18484062799996,6.0,5.0,7.0,6.055600000000005,0.15384615384615385,71.68
A014B067C069,A014,B067,C069,CN(C)c1ccc(-c2cc(-c3ccoc3-c3cc(-c4ccc(N(C)C)cc4)no3)on2)cc1,CN(C)c1ccc(B2OC(C)(C)C(C)(C)O2)cc1,CC1(C)C(=O)O[B-]2(c3cc(Br)no3)OC(=O)C(C)(C)[N+]21C,Brc1ccoc1Br,33.0,440.184840628,6.0,5.0,7.0,6.055600000000005,0.15384615384615385,71.68
A014B067C115,A014,B067,C115,CN(C)c1ccc(-c2cc(-c3cocc3-c3cc(-c4ccc(N(C)C)cc4)no3)on2)cc1,CN(C)c1ccc(B2OC(C)(C)C(C)(C)O2)cc1,CC1(C)C(=O)O[B-]2(c3cc(Br)no3)OC(=O)C(C)(C)[N+]21C,Brc1cocc1Br,33.0,440.184840628,6.0,5.0,7.0,6.055600000000005,0.15384615384615385,71.68
A014B067C025,A014,B067,C025,CN(C)c1ccc(-c2cc(-c3ccc(-c4cc(-c5ccc(N(C)C)cc5)no4)s3)on2)cc1,CN(C)c1ccc(B2OC(C)(C)C(C)(C)O2)cc1,CC1(C)C(=O)O[B-]2(c3cc(Br)no3)OC(=O)C(C)(C)[N+]21C,Brc1ccc(Br)s1,33.0,456.16199700799996,6.0,5.0,7.0,6.524100000000006,0.15384615384615385,58.540000000000006
A014B067C070,A014,B067,C070,CN(C)c1ccc(-c2cc(-c3ccsc3-c3cc(-c4ccc(N(C)C)cc4)no3)on2)cc1,CN(C)c1ccc(B2OC(C)(C)C(C)(C)O2)cc1,CC1(C)C(=O)O[B-]2(c3cc(Br)no3)OC(=O)C(C)(C)[N+]21C,Brc1ccsc1Br,33.0,456.161997008,6.0,5.0,7.0,6.524100000000006,0.15384615384615385,58.540000000000006
A014B067C078,A014,B067,C078,CN(C)c1ccc(-c2cc(-c3csc(-c4cc(-c5ccc(N(C)C)cc5)no4)n3)on2)cc1,CN(C)c1ccc(B2OC(C)(C)C(C)(C)O2)cc1,CC1(C)C(=O)O[B-]2(c3cc(Br)no3)OC(=O)C(C)(C)[N+]21C,Brc1csc(Br)n1,33.0,457.15724597600007,6.0,5.0,8.0,5.919100000000006,0.16,71.43
A014B067C100,A014,B067,C100,CN(C)c1ccc(-c2cc(-c3cnc(-c4cc(-c5ccc(N(C)C)cc5)no4)s3)on2)cc1,CN(C)c1ccc(B2OC(C)(C)C(C)(C)O2)cc1,CC1(C)C(=O)O[B-]2(c3cc(Br)no3)OC(=O)C(C)(C)[N+]21C,Brc1cnc(Br)s1,33.0,457.15724597600007,6.0,5.0,8.0,5.919100000000006,0.16,71.43
A014B067C080,A014,B067,C080,CN(C)c1ccc(-c2cc(-c3nnc(-c4cc(-c5ccc(N(C)C)cc5)no4)s3)on2)cc1,CN(C)c1ccc(B2OC(C)(C)C(C)(C)O2)cc1,CC1(C)C(=O)O[B-]2(c3cc(Br)no3)OC(=O)C(C)(C)[N+]21C,Brc1nnc(Br)s1,33.0,458.152494944,6.0,5.0,9.0,5.314100000000004,0.16666666666666666,84.32000000000001
A014B056C094,A014,B056,C094,CN(C)c1ccc(-c2ccc(-c3ccc(-c4ccc(-c5ccc(N(C)C)cc5)s4)o3)s2)cc1,CN(C)c1ccc(B2OC(C)(C)C(C)(C)O2)cc1,CC1(C)C(=O)O[B-]2(c3ccc(Br)s3)OC(=O)C(C)(C)[N+]21C,Brc1ccc(Br)o1,33.0,470.1486554519999,6.0,5.0,5.0,8.202600000000006,0.14285714285714285,19.62
A014B056C069,A014,B056,C069,CN(C)c1ccc(-c2ccc(-c3ccoc3-c3ccc(-c4ccc(N(C)C)cc4)s3)s2)cc1,CN(C)c1ccc(B2OC(C)(C)C(C)(C)O2)cc1,CC1(C)C(=O)O[B-]2(c3ccc(Br)s3)OC(=O)C(C)(C)[N+]21C,Brc1ccoc1Br,33.0,470.148655452,6.0,5.0,5.0,8.202600000000006,0.14285714285714285,19.620000000000005
A014B056C115,A014,B056,C115,CN(C)c1ccc(-c2ccc(-c3cocc3-c3ccc(-c4ccc(N(C)C)cc4)s3)s2)cc1,CN(C)c1ccc(B2OC(C)(C)C(C)(C)O2)cc1,CC1(C)C(=O)O[B-]2(c3ccc(Br)s3)OC(=O)C(C)(C)[N+]21C,Brc1cocc1Br,33.0,470.148655452,6.0,5.0,5.0,8.202600000000006,0.14285714285714285,19.620000000000005
A014B057C069,A014,B057,C069,CN(C)c1ccc(-c2cscc2-c2ccoc2-c2cscc2-c2ccc(N(C)C)cc2)cc1,CN(C)c1ccc(B2OC(C)(C)C(C)(C)O2)cc1,CC1(C)C(=O)O[B-]2(c3cscc3Br)OC(=O)C(C)(C)[N+]21C,Brc1ccoc1Br,33.0,470.148655452,6.0,5.0,5.0,8.202600000000006,0.14285714285714285,19.620000000000005
A014B057C094,A014,B057,C094,CN(C)c1ccc(-c2cscc2-c2ccc(-c3cscc3-c3ccc(N(C)C)cc3)o2)cc1,CN(C)c1ccc(B2OC(C)(C)C(C)(C)O2)cc1,CC1(C)C(=O)O[B-]2(c3cscc3Br)OC(=O)C(C)(C)[N+]21C,Brc1ccc(Br)o1,33.0,470.148655452,6.0,5.0,5.0,8.202600000000006,0.14285714285714285,19.62
A014B057C115,A014,B057,C115,CN(C)c1ccc(-c2cscc2-c2cocc2-c2cscc2-c2ccc(N(C)C)cc2)cc1,CN(C)c1ccc(B2OC(C)(C)C(C)(C)O2)cc1,CC1(C)C(=O)O[B-]2(c3cscc3Br)OC(=O)C(C)(C)[N+]21C,Brc1cocc1Br,33.0,470.148655452,6.0,5.0,5.0,8.202600000000006,0.14285714285714285,19.620000000000005
A014B056C025,A014,B056,C025,CN(C)c1ccc(-c2ccc(-c3ccc(-c4ccc(-c5ccc(N(C)C)cc5)s4)s3)s2)cc1,CN(C)c1ccc(B2OC(C)(C)C(C)(C)O2)cc1,CC1(C)C(=O)O[B-]2(c3ccc(Br)s3)OC(=O)C(C)(C)[N+]21C,Brc1ccc(Br)s1,33.0,486.125811832,6.0,5.0,5.0,8.671100000000003,0.14285714285714285,6.48
A014B056C070,A014,B056,C070,CN(C)c1ccc(-c2ccc(-c3ccsc3-c3ccc(-c4ccc(N(C)C)cc4)s3)s2)cc1,CN(C)c1ccc(B2OC(C)(C)C(C)(C)O2)cc1,CC1(C)C(=O)O[B-]2(c3ccc(Br)s3)OC(=O)C(C)(C)[N+]21C,Brc1ccsc1Br,33.0,486.125811832,6.0,5.0,5.0,8.671100000000003,0.14285714285714285,6.48
A014B057C025,A014,B057,C025,CN(C)c1ccc(-c2cscc2-c2ccc(-c3cscc3-c3ccc(N(C)C)cc3)s2)cc1,CN(C)c1ccc(B2OC(C)(C)C(C)(C)O2)cc1,CC1(C)C(=O)O[B-]2(c3cscc3Br)OC(=O)C(C)(C)[N+]21C,Brc1ccc(Br)s1,33.0,486.125811832,6.0,5.0,5.0,8.671100000000003,0.14285714285714285,6.48
A014B057C070,A014,B057,C070,CN(C)c1ccc(-c2cscc2-c2ccsc2-c2cscc2-c2ccc(N(C)C)cc2)cc1,CN(C)c1ccc(B2OC(C)(C)C(C)(C)O2)cc1,CC1(C)C(=O)O[B-]2(c3cscc3Br)OC(=O)C(C)(C)[N+]21C,Brc1ccsc1Br,33.0,486.12581183200007,6.0,5.0,5.0,8.671100000000003,0.14285714285714285,6.48
A014B056C078,A014,B056,C078,CN(C)c1ccc(-c2ccc(-c3csc(-c4ccc(-c5ccc(N(C)C)cc5)s4)n3)s2)cc1,CN(C)c1ccc(B2OC(C)(C)C(C)(C)O2)cc1,CC1(C)C(=O)O[B-]2(c3ccc(Br)s3)OC(=O)C(C)(C)[N+]21C,Brc1csc(Br)n1,33.0,487.1210608,6.0,5.0,6.0,8.066100000000006,0.14814814814814814,19.37
A014B057C100,A014,B057,C100,CN(C)c1ccc(-c2cscc2-c2cnc(-c3cscc3-c3ccc(N(C)C)cc3)s2)cc1,CN(C)c1ccc(B2OC(C)(C)C(C)(C)O2)cc1,CC1(C)C(=O)O[B-]2(c3cscc3Br)OC(=O)C(C)(C)[N+]21C,Brc1cnc(Br)s1,33.0,487.1210608,6.0,5.0,6.0,8.066100000000006,0.14814814814814814,19.370000000000005
A014B056C100,A014,B056,C100,CN(C)c1ccc(-c2ccc(-c3cnc(-c4ccc(-c5ccc(N(C)C)cc5)s4)s3)s2)cc1,CN(C)c1ccc(B2OC(C)(C)C(C)(C)O2)cc1,CC1(C)C(=O)O[B-]2(c3ccc(Br)s3)OC(=O)C(C)(C)[N+]21C,Brc1cnc(Br)s1,33.0,487.1210608000001,6.0,5.0,6.0,8.066100000000006,0.14814814814814814,19.370000000000005
A014B057C078,A014,B057,C078,CN(C)c1ccc(-c2cscc2-c2csc(-c3cscc3-c3ccc(N(C)C)cc3)n2)cc1,CN(C)c1ccc(B2OC(C)(C)C(C)(C)O2)cc1,CC1(C)C(=O)O[B-]2(c3cscc3Br)OC(=O)C(C)(C)[N+]21C,Brc1csc(Br)n1,33.0,487.1210608000001,6.0,5.0,6.0,8.066100000000006,0.14814814814814814,19.37
A014B057C080,A014,B057,C080,CN(C)c1ccc(-c2cscc2-c2nnc(-c3cscc3-c3ccc(N(C)C)cc3)s2)cc1,CN(C)c1ccc(B2OC(C)(C)C(C)(C)O2)cc1,CC1(C)C(=O)O[B-]2(c3cscc3Br)OC(=O)C(C)(C)[N+]21C,Brc1nnc(Br)s1,33.0,488.11630976799995,6.0,5.0,7.0,7.461100000000006,0.15384615384615385,32.260000000000005
A014B056C080,A014,B056,C080,CN(C)c1ccc(-c2ccc(-c3nnc(-c4ccc(-c5ccc(N(C)C)cc5)s4)s3)s2)cc1,CN(C)c1ccc(B2OC(C)(C)C(C)(C)O2)cc1,CC1(C)C(=O)O[B-]2(c3ccc(Br)s3)OC(=O)C(C)(C)[N+]21C,Brc1nnc(Br)s1,33.0,488.11630976800006,6.0,5.0,7.0,7.461100000000005,0.15384615384615385,32.260000000000005
A014B067C036,A014,B067,C036,CN(C)c1ccc(-c2cc(-c3cccc(-c4cc(-c5ccc(N(C)C)cc5)no4)c3)on2)cc1,CN(C)c1ccc(B2OC(C)(C)C(C)(C)O2)cc1,CC1(C)C(=O)O[B-]2(c3cc(Br)no3)OC(=O)C(C)(C)[N+]21C,Brc1cccc(Br)c1,34.0,450.205576072,6.0,5.0,6.0,6.462600000000006,0.14285714285714285,58.540000000000006
A014B067C041,A014,B067,C041,CN(C)c1ccc(-c2cc(-c3cccc(-c4cc(-c5ccc(N(C)C)cc5)no4)n3)on2)cc1,CN(C)c1ccc(B2OC(C)(C)C(C)(C)O2)cc1,CC1(C)C(=O)O[B-]2(c3cc(Br)no3)OC(=O)C(C)(C)[N+]21C,Brc1cccc(Br)n1,34.0,451.20082504000004,6.0,5.0,7.0,5.857600000000006,0.14814814814814814,71.43
A014B056C036,A014,B056,C036,CN(C)c1ccc(-c2ccc(-c3cccc(-c4ccc(-c5ccc(N(C)C)cc5)s4)c3)s2)cc1,CN(C)c1ccc(B2OC(C)(C)C(C)(C)O2)cc1,CC1(C)C(=O)O[B-]2(c3ccc(Br)s3)OC(=O)C(C)(C)[N+]21C,Brc1cccc(Br)c1,34.0,480.169390896,6.0,5.0,4.0,8.609600000000004,0.13333333333333333,6.48
A014B057C036,A014,B057,C036,CN(C)c1ccc(-c2cscc2-c2cccc(-c3cscc3-c3ccc(N(C)C)cc3)c2)cc1,CN(C)c1ccc(B2OC(C)(C)C(C)(C)O2)cc1,CC1(C)C(=O)O[B-]2(c3cscc3Br)OC(=O)C(C)(C)[N+]21C,Brc1cccc(Br)c1,34.0,480.16939089600004,6.0,5.0,4.0,8.609600000000004,0.13333333333333333,6.48
A014B056C041,A014,B056,C041,CN(C)c1ccc(-c2ccc(-c3cccc(-c4ccc(-c5ccc(N(C)C)cc5)s4)n3)s2)cc1,CN(C)c1ccc(B2OC(C)(C)C(C)(C)O2)cc1,CC1(C)C(=O)O[B-]2(c3ccc(Br)s3)OC(=O)C(C)(C)[N+]21C,Brc1cccc(Br)n1,34.0,481.164639864,6.0,5.0,5.0,8.004600000000007,0.13793103448275862,19.37
A014B057C041,A014,B057,C041,CN(C)c1ccc(-c2cscc2-c2cccc(-c3cscc3-c3ccc(N(C)C)cc3)n2)cc1,CN(C)c1ccc(B2OC(C)(C)C(C)(C)O2)cc1,CC1(C)C(=O)O[B-]2(c3cscc3Br)OC(=O)C(C)(C)[N+]21C,Brc1cccc(Br)n1,34.0,481.1646398640001,6.0,5.0,5.0,8.004600000000007,0.13793103448275862,19.37
A014B037C094,A014,B037,C094,CN(C)c1ccc(-c2ccc(-c3ccc(-c4ccc(-c5ccc(N(C)C)cc5)cc4)o3)cc2)cc1,CN(C)c1ccc(B2OC(C)(C)C(C)(C)O2)cc1,CC1(C)C(=O)O[B-]2(c3ccc(Br)cc3)OC(=O)C(C)(C)[N+]21C,Brc1ccc(Br)o1,35.0,458.23581357999996,6.0,5.0,3.0,8.079600000000008,0.125,19.62
A015B065C094,A015,B065,C094,CN(C)c1ccc(C=Cc2ccc(C=Cc3ccc(N(C)C)c4ccccc34)o2)c2ccccc12,CN(C)c1ccc(B2OC(C)(C)C(C)(C)O2)c2ccccc12,CC1(C)C(=O)O[B-]2(/C=C/Br)OC(=O)C(C)(C)[N+]21C,Brc1ccc(Br)o1,35.0,458.23581357999996,6.0,5.0,3.0,8.058800000000007,0.125,19.62
A015B066C094,A015,B066,C094,CN(C)c1ccc(C=Cc2ccc(C=Cc3ccc(N(C)C)c4ccccc34)o2)c2ccccc12,CN(C)c1ccc(B2OC(C)(C)C(C)(C)O2)c2ccccc12,CC1(C)C(=O)O[B-]2(/C=C\Br)OC(=O)C(C)(C)[N+]21C,Brc1ccc(Br)o1,35.0,458.23581357999996,6.0,5.0,3.0,8.058800000000007,0.125,19.62
A014B037C069,A014,B037,C069,CN(C)c1ccc(-c2ccc(-c3ccoc3-c3ccc(-c4ccc(N(C)C)cc4)cc3)cc2)cc1,CN(C)c1ccc(B2OC(C)(C)C(C)(C)O2)cc1,CC1(C)C(=O)O[B-]2(c3ccc(Br)cc3)OC(=O)C(C)(C)[N+]21C,Brc1ccoc1Br,35.0,458.23581358,6.0,5.0,3.0,8.079600000000008,0.125,19.620000000000005
A014B037C115,A014,B037,C115,CN(C)c1ccc(-c2ccc(-c3cocc3-c3ccc(-c4ccc(N(C)C)cc4)cc3)cc2)cc1,CN(C)c1ccc(B2OC(C)(C)C(C)(C)O2)cc1,CC1(C)C(=O)O[B-]2(c3ccc(Br)cc3)OC(=O)C(C)(C)[N+]21C,Brc1cocc1Br,35.0,458.23581358,6.0,5.0,3.0,8.079600000000008,0.125,19.620000000000005
A015B065C069,A015,B065,C069,CN(C)c1ccc(C=Cc2ccoc2C=Cc2ccc(N(C)C)c3ccccc23)c2ccccc12,CN(C)c1ccc(B2OC(C)(C)C(C)(C)O2)c2ccccc12,CC1(C)C(=O)O[B-]2(/C=C/Br)OC(=O)C(C)(C)[N+]21C,Brc1ccoc1Br,35.0,458.23581358,6.0,5.0,3.0,8.058800000000007,0.125,19.620000000000005
A015B065C115,A015,B065,C115,CN(C)c1ccc(C=Cc2cocc2C=Cc2ccc(N(C)C)c3ccccc23)c2ccccc12,CN(C)c1ccc(B2OC(C)(C)C(C)(C)O2)c2ccccc12,CC1(C)C(=O)O[B-]2(/C=C/Br)OC(=O)C(C)(C)[N+]21C,Brc1cocc1Br,35.0,458.23581358,6.0,5.0,3.0,8.058800000000007,0.125,19.620000000000005
A015B066C069,A015,B066,C069,CN(C)c1ccc(C=Cc2ccoc2C=Cc2ccc(N(C)C)c3ccccc23)c2ccccc12,CN(C)c1ccc(B2OC(C)(C)C(C)(C)O2)c2ccccc12,CC1(C)C(=O)O[B-]2(/C=C\Br)OC(=O)C(C)(C)[N+]21C,Brc1ccoc1Br,35.0,458.23581358,6.0,5.0,3.0,8.058800000000007,0.125,19.620000000000005
A015B066C115,A015,B066,C115,CN(C)c1ccc(C=Cc2cocc2C=Cc2ccc(N(C)C)c3ccccc23)c2ccccc12,CN(C)c1ccc(B2OC(C)(C)C(C)(C)O2)c2ccccc12,CC1(C)C(=O)O[B-]2(/C=C\Br)OC(=O)C(C)(C)[N+]21C,Brc1cocc1Br,35.0,458.23581358,6.0,5.0,3.0,8.058800000000007,0.125,19.620000000000005
A042B067C094,A042,B067,C094,Cn1ccc2cc(-c3cc(-c4ccc(-c5cc(-c6ccc7c(ccn7C)c6)no5)o4)on3)ccc21,Cn1ccc2cc(B3OC(C)(C)C(C)(C)O3)ccc21,CC1(C)C(=O)O[B-]2(c3cc(Br)no3)OC(=O)C(C)(C)[N+]21C,Brc1ccc(Br)o1,35.0,460.15354049999996,4.0,7.0,7.0,6.9070000000000045,0.07142857142857142,75.06
A042B067C069,A042,B067,C069,Cn1ccc2cc(-c3cc(-c4ccoc4-c4cc(-c5ccc6c(ccn6C)c5)no4)on3)ccc21,Cn1ccc2cc(B3OC(C)(C)C(C)(C)O3)ccc21,CC1(C)C(=O)O[B-]2(c3cc(Br)no3)OC(=O)C(C)(C)[N+]21C,Brc1ccoc1Br,35.0,460.1535405,4.0,7.0,7.0,6.9070000000000045,0.07142857142857142,75.06
A042B067C115,A042,B067,C115,Cn1ccc2cc(-c3cc(-c4cocc4-c4cc(-c5ccc6c(ccn6C)c5)no4)on3)ccc21,Cn1ccc2cc(B3OC(C)(C)C(C)(C)O3)ccc21,CC1(C)C(=O)O[B-]2(c3cc(Br)no3)OC(=O)C(C)(C)[N+]21C,Brc1cocc1Br,35.0,460.1535405,4.0,7.0,7.0,6.9070000000000045,0.07142857142857142,75.06
A041B067C069,A041,B067,C069,Cn1cnc2ccc(-c3cc(-c4ccoc4-c4cc(-c5ccc6ncn(C)c6c5)no4)on3)cc21,Cn1cnc2ccc(B3OC(C)(C)C(C)(C)O3)cc21,CC1(C)C(=O)O[B-]2(c3cc(Br)no3)OC(=O)C(C)(C)[N+]21C,Brc1ccoc1Br,35.0,462.144038436,4.0,7.0,9.0,5.697000000000004,0.07692307692307693,100.84
A041B067C094,A041,B067,C094,Cn1cnc2ccc(-c3cc(-c4ccc(-c5cc(-c6ccc7ncn(C)c7c6)no5)o4)on3)cc21,Cn1cnc2ccc(B3OC(C)(C)C(C)(C)O3)cc21,CC1(C)C(=O)O[B-]2(c3cc(Br)no3)OC(=O)C(C)(C)[N+]21C,Brc1ccc(Br)o1,35.0,462.144038436,4.0,7.0,9.0,5.697000000000004,0.07692307692307693,100.84
A041B067C115,A041,B067,C115,Cn1cnc2ccc(-c3cc(-c4cocc4-c4cc(-c5ccc6ncn(C)c6c5)no4)on3)cc21,Cn1cnc2ccc(B3OC(C)(C)C(C)(C)O3)cc21,CC1(C)C(=O)O[B-]2(c3cc(Br)no3)OC(=O)C(C)(C)[N+]21C,Brc1cocc1Br,35.0,462.144038436,4.0,7.0,9.0,5.697000000000004,0.07692307692307693,100.84
A014B037C025,A014,B037,C025,CN(C)c1ccc(-c2ccc(-c3ccc(-c4ccc(-c5ccc(N(C)C)cc5)cc4)s3)cc2)cc1,CN(C)c1ccc(B2OC(C)(C)C(C)(C)O2)cc1,CC1(C)C(=O)O[B-]2(c3ccc(Br)cc3)OC(=O)C(C)(C)[N+]21C,Brc1ccc(Br)s1,35.0,474.21296995999995,6.0,5.0,3.0,8.548100000000005,0.125,6.48
A015B065C025,A015,B065,C025,CN(C)c1ccc(C=Cc2ccc(C=Cc3ccc(N(C)C)c4ccccc34)s2)c2ccccc12,CN(C)c1ccc(B2OC(C)(C)C(C)(C)O2)c2ccccc12,CC1(C)C(=O)O[B-]2(/C=C/Br)OC(=O)C(C)(C)[N+]21C,Brc1ccc(Br)s1,35.0,474.21296995999995,6.0,5.0,3.0,8.527300000000004,0.125,6.48
A015B066C025,A015,B066,C025,CN(C)c1ccc(C=Cc2ccc(C=Cc3ccc(N(C)C)c4ccccc34)s2)c2ccccc12,CN(C)c1ccc(B2OC(C)(C)C(C)(C)O2)c2ccccc12,CC1(C)C(=O)O[B-]2(/C=C\Br)OC(=O)C(C)(C)[N+]21C,Brc1ccc(Br)s1,35.0,474.21296995999995,6.0,5.0,3.0,8.527300000000004,0.125,6.48
A014B037C070,A014,B037,C070,CN(C)c1ccc(-c2ccc(-c3ccsc3-c3ccc(-c4ccc(N(C)C)cc4)cc3)cc2)cc1,CN(C)c1ccc(B2OC(C)(C)C(C)(C)O2)cc1,CC1(C)C(=O)O[B-]2(c3ccc(Br)cc3)OC(=O)C(C)(C)[N+]21C,Brc1ccsc1Br,35.0,474.21296996,6.0,5.0,3.0,8.548100000000003,0.125,6.48
A015B065C070,A015,B065,C070,CN(C)c1ccc(C=Cc2ccsc2C=Cc2ccc(N(C)C)c3ccccc23)c2ccccc12,CN(C)c1ccc(B2OC(C)(C)C(C)(C)O2)c2ccccc12,CC1(C)C(=O)O[B-]2(/C=C/Br)OC(=O)C(C)(C)[N+]21C,Brc1ccsc1Br,35.0,474.21296996,6.0,5.0,3.0,8.527300000000004,0.125,6.48
A015B066C070,A015,B066,C070,CN(C)c1ccc(C=Cc2ccsc2C=Cc2ccc(N(C)C)c3ccccc23)c2ccccc12,CN(C)c1ccc(B2OC(C)(C)C(C)(C)O2)c2ccccc12,CC1(C)C(=O)O[B-]2(/C=C\Br)OC(=O)C(C)(C)[N+]21C,Brc1ccsc1Br,35.0,474.21296996,6.0,5.0,3.0,8.527300000000004,0.125,6.48
A014B037C078,A014,B037,C078,CN(C)c1ccc(-c2ccc(-c3csc(-c4ccc(-c5ccc(N(C)C)cc5)cc4)n3)cc2)cc1,CN(C)c1ccc(B2OC(C)(C)C(C)(C)O2)cc1,CC1(C)C(=O)O[B-]2(c3ccc(Br)cc3)OC(=O)C(C)(C)[N+]21C,Brc1csc(Br)n1,35.0,475.20821892800006,6.0,5.0,4.0,7.943100000000007,0.12903225806451613,19.37
A014B037C100,A014,B037,C100,CN(C)c1ccc(-c2ccc(-c3cnc(-c4ccc(-c5ccc(N(C)C)cc5)cc4)s3)cc2)cc1,CN(C)c1ccc(B2OC(C)(C)C(C)(C)O2)cc1,CC1(C)C(=O)O[B-]2(c3ccc(Br)cc3)OC(=O)C(C)(C)[N+]21C,Brc1cnc(Br)s1,35.0,475.20821892800006,6.0,5.0,4.0,7.9431000000000065,0.12903225806451613,19.370000000000005
A015B065C078,A015,B065,C078,CN(C)c1ccc(C=Cc2csc(C=Cc3ccc(N(C)C)c4ccccc34)n2)c2ccccc12,CN(C)c1ccc(B2OC(C)(C)C(C)(C)O2)c2ccccc12,CC1(C)C(=O)O[B-]2(/C=C/Br)OC(=O)C(C)(C)[N+]21C,Brc1csc(Br)n1,35.0,475.20821892800006,6.0,5.0,4.0,7.922300000000007,0.12903225806451613,19.37
A015B065C100,A015,B065,C100,CN(C)c1ccc(C=Cc2cnc(C=Cc3ccc(N(C)C)c4ccccc34)s2)c2ccccc12,CN(C)c1ccc(B2OC(C)(C)C(C)(C)O2)c2ccccc12,CC1(C)C(=O)O[B-]2(/C=C/Br)OC(=O)C(C)(C)[N+]21C,Brc1cnc(Br)s1,35.0,475.20821892800006,6.0,5.0,4.0,7.922300000000006,0.12903225806451613,19.370000000000005
A015B066C078,A015,B066,C078,CN(C)c1ccc(C=Cc2csc(C=Cc3ccc(N(C)C)c4ccccc34)n2)c2ccccc12,CN(C)c1ccc(B2OC(C)(C)C(C)(C)O2)c2ccccc12,CC1(C)C(=O)O[B-]2(/C=C\Br)OC(=O)C(C)(C)[N+]21C,Brc1csc(Br)n1,35.0,475.20821892800006,6.0,5.0,4.0,7.922300000000007,0.12903225806451613,19.37
A015B066C100,A015,B066,C100,CN(C)c1ccc(C=Cc2cnc(C=Cc3ccc(N(C)C)c4ccccc34)s2)c2ccccc12,CN(C)c1ccc(B2OC(C)(C)C(C)(C)O2)c2ccccc12,CC1(C)C(=O)O[B-]2(/C=C\Br)OC(=O)C(C)(C)[N+]21C,Brc1cnc(Br)s1,35.0,475.20821892800006,6.0,5.0,4.0,7.922300000000006,0.12903225806451613,19.370000000000005
A042B067C025,A042,B067,C025,Cn1ccc2cc(-c3cc(-c4ccc(-c5cc(-c6ccc7c(ccn7C)c6)no5)s4)on3)ccc21,Cn1ccc2cc(B3OC(C)(C)C(C)(C)O3)ccc21,CC1(C)C(=O)O[B-]2(c3cc(Br)no3)OC(=O)C(C)(C)[N+]21C,Brc1ccc(Br)s1,35.0,476.13069687999996,4.0,7.0,7.0,7.375500000000005,0.07142857142857142,61.92
A042B067C070,A042,B067,C070,Cn1ccc2cc(-c3cc(-c4ccsc4-c4cc(-c5ccc6c(ccn6C)c5)no4)on3)ccc21,Cn1ccc2cc(B3OC(C)(C)C(C)(C)O3)ccc21,CC1(C)C(=O)O[B-]2(c3cc(Br)no3)OC(=O)C(C)(C)[N+]21C,Brc1ccsc1Br,35.0,476.13069688,4.0,7.0,7.0,7.375500000000003,0.07142857142857142,61.92
A014B037C080,A014,B037,C080,CN(C)c1ccc(-c2ccc(-c3nnc(-c4ccc(-c5ccc(N(C)C)cc5)cc4)s3)cc2)cc1,CN(C)c1ccc(B2OC(C)(C)C(C)(C)O2)cc1,CC1(C)C(=O)O[B-]2(c3ccc(Br)cc3)OC(=O)C(C)(C)[N+]21C,Brc1nnc(Br)s1,35.0,476.203467896,6.0,5.0,5.0,7.338100000000006,0.13333333333333333,32.260000000000005
A015B065C080,A015,B065,C080,CN(C)c1ccc(C=Cc2nnc(C=Cc3ccc(N(C)C)c4ccccc34)s2)c2ccccc12,CN(C)c1ccc(B2OC(C)(C)C(C)(C)O2)c2ccccc12,CC1(C)C(=O)O[B-]2(/C=C/Br)OC(=O)C(C)(C)[N+]21C,Brc1nnc(Br)s1,35.0,476.203467896,6.0,5.0,5.0,7.317300000000006,0.13333333333333333,32.260000000000005
A015B066C080,A015,B066,C080,CN(C)c1ccc(C=Cc2nnc(C=Cc3ccc(N(C)C)c4ccccc34)s2)c2ccccc12,CN(C)c1ccc(B2OC(C)(C)C(C)(C)O2)c2ccccc12,CC1(C)C(=O)O[B-]2(/C=C\Br)OC(=O)C(C)(C)[N+]21C,Brc1nnc(Br)s1,35.0,476.203467896,6.0,5.0,5.0,7.317300000000006,0.13333333333333333,32.260000000000005
A042B067C078,A042,B067,C078,Cn1ccc2cc(-c3cc(-c4csc(-c5cc(-c6ccc7c(ccn7C)c6)no5)n4)on3)ccc21,Cn1ccc2cc(B3OC(C)(C)C(C)(C)O3)ccc21,CC1(C)C(=O)O[B-]2(c3cc(Br)no3)OC(=O)C(C)(C)[N+]21C,Brc1csc(Br)n1,35.0,477.1259458480001,4.0,7.0,8.0,6.770500000000004,0.07407407407407407,74.81
A042B067C100,A042,B067,C100,Cn1ccc2cc(-c3cc(-c4cnc(-c5cc(-c6ccc7c(ccn7C)c6)no5)s4)on3)ccc21,Cn1ccc2cc(B3OC(C)(C)C(C)(C)O3)ccc21,CC1(C)C(=O)O[B-]2(c3cc(Br)no3)OC(=O)C(C)(C)[N+]21C,Brc1cnc(Br)s1,35.0,477.1259458480001,4.0,7.0,8.0,6.770500000000005,0.07407407407407407,74.81
A041B067C025,A041,B067,C025,Cn1cnc2ccc(-c3cc(-c4ccc(-c5cc(-c6ccc7ncn(C)c7c6)no5)s4)on3)cc21,Cn1cnc2ccc(B3OC(C)(C)C(C)(C)O3)cc21,CC1(C)C(=O)O[B-]2(c3cc(Br)no3)OC(=O)C(C)(C)[N+]21C,Brc1ccc(Br)s1,35.0,478.121194816,4.0,7.0,9.0,6.165500000000004,0.07692307692307693,87.7
A041B067C070,A041,B067,C070,Cn1cnc2ccc(-c3cc(-c4ccsc4-c4cc(-c5ccc6ncn(C)c6c5)no4)on3)cc21,Cn1cnc2ccc(B3OC(C)(C)C(C)(C)O3)cc21,CC1(C)C(=O)O[B-]2(c3cc(Br)no3)OC(=O)C(C)(C)[N+]21C,Brc1ccsc1Br,35.0,478.121194816,4.0,7.0,9.0,6.165500000000004,0.07692307692307693,87.7
A042B067C080,A042,B067,C080,Cn1ccc2cc(-c3cc(-c4nnc(-c5cc(-c6ccc7c(ccn7C)c6)no5)s4)on3)ccc21,Cn1ccc2cc(B3OC(C)(C)C(C)(C)O3)ccc21,CC1(C)C(=O)O[B-]2(c3cc(Br)no3)OC(=O)C(C)(C)[N+]21C,Brc1nnc(Br)s1,35.0,478.121194816,4.0,7.0,9.0,6.165500000000004,0.07692307692307693,87.7
A041B067C078,A041,B067,C078,Cn1cnc2ccc(-c3cc(-c4csc(-c5cc(-c6ccc7ncn(C)c7c6)no5)n4)on3)cc21,Cn1cnc2ccc(B3OC(C)(C)C(C)(C)O3)cc21,CC1(C)C(=O)O[B-]2(c3cc(Br)no3)OC(=O)C(C)(C)[N+]21C,Brc1csc(Br)n1,35.0,479.11644378400007,4.0,7.0,10.0,5.560500000000004,0.08,100.59
A041B067C100,A041,B067,C100,Cn1cnc2ccc(-c3cc(-c4cnc(-c5cc(-c6ccc7ncn(C)c7c6)no5)s4)on3)cc21,Cn1cnc2ccc(B3OC(C)(C)C(C)(C)O3)cc21,CC1(C)C(=O)O[B-]2(c3cc(Br)no3)OC(=O)C(C)(C)[N+]21C,Brc1cnc(Br)s1,35.0,479.1164437840001,4.0,7.0,10.0,5.560500000000004,0.08,100.59
A041B067C080,A041,B067,C080,Cn1cnc2ccc(-c3cc(-c4nnc(-c5cc(-c6ccc7ncn(C)c7c6)no5)s4)on3)cc21,Cn1cnc2ccc(B3OC(C)(C)C(C)(C)O3)cc21,CC1(C)C(=O)O[B-]2(c3cc(Br)no3)OC(=O)C(C)(C)[N+]21C,Brc1nnc(Br)s1,35.0,480.11169275200007,4.0,7.0,11.0,4.955500000000003,0.08333333333333333,113.48
A042B056C094,A042,B056,C094,Cn1ccc2cc(-c3ccc(-c4ccc(-c5ccc(-c6ccc7c(ccn7C)c6)s5)o4)s3)ccc21,Cn1ccc2cc(B3OC(C)(C)C(C)(C)O3)ccc21,CC1(C)C(=O)O[B-]2(c3ccc(Br)s3)OC(=O)C(C)(C)[N+]21C,Brc1ccc(Br)o1,35.0,490.1173553239999,4.0,7.0,5.0,9.053999999999998,0.06666666666666667,23.0
A042B056C069,A042,B056,C069,Cn1ccc2cc(-c3ccc(-c4ccoc4-c4ccc(-c5ccc6c(ccn6C)c5)s4)s3)ccc21,Cn1ccc2cc(B3OC(C)(C)C(C)(C)O3)ccc21,CC1(C)C(=O)O[B-]2(c3ccc(Br)s3)OC(=O)C(C)(C)[N+]21C,Brc1ccoc1Br,35.0,490.117355324,4.0,7.0,5.0,9.053999999999998,0.06666666666666667,23.0
A042B056C115,A042,B056,C115,Cn1ccc2cc(-c3ccc(-c4cocc4-c4ccc(-c5ccc6c(ccn6C)c5)s4)s3)ccc21,Cn1ccc2cc(B3OC(C)(C)C(C)(C)O3)ccc21,CC1(C)C(=O)O[B-]2(c3ccc(Br)s3)OC(=O)C(C)(C)[N+]21C,Brc1cocc1Br,35.0,490.117355324,4.0,7.0,5.0,9.053999999999998,0.06666666666666667,23.0
A042B057C069,A042,B057,C069,Cn1ccc2cc(-c3cscc3-c3ccoc3-c3cscc3-c3ccc4c(ccn4C)c3)ccc21,Cn1ccc2cc(B3OC(C)(C)C(C)(C)O3)ccc21,CC1(C)C(=O)O[B-]2(c3cscc3Br)OC(=O)C(C)(C)[N+]21C,Brc1ccoc1Br,35.0,490.117355324,4.0,7.0,5.0,9.053999999999998,0.06666666666666667,23.0
A042B057C094,A042,B057,C094,Cn1ccc2cc(-c3cscc3-c3ccc(-c4cscc4-c4ccc5c(ccn5C)c4)o3)ccc21,Cn1ccc2cc(B3OC(C)(C)C(C)(C)O3)ccc21,CC1(C)C(=O)O[B-]2(c3cscc3Br)OC(=O)C(C)(C)[N+]21C,Brc1ccc(Br)o1,35.0,490.117355324,4.0,7.0,5.0,9.053999999999997,0.06666666666666667,23.0
A042B057C115,A042,B057,C115,Cn1ccc2cc(-c3cscc3-c3cocc3-c3cscc3-c3ccc4c(ccn4C)c3)ccc21,Cn1ccc2cc(B3OC(C)(C)C(C)(C)O3)ccc21,CC1(C)C(=O)O[B-]2(c3cscc3Br)OC(=O)C(C)(C)[N+]21C,Brc1cocc1Br,35.0,490.117355324,4.0,7.0,5.0,9.053999999999998,0.06666666666666667,23.0
A041B056C094,A041,B056,C094,Cn1cnc2ccc(-c3ccc(-c4ccc(-c5ccc(-c6ccc7ncn(C)c7c6)s5)o4)s3)cc21,Cn1cnc2ccc(B3OC(C)(C)C(C)(C)O3)cc21,CC1(C)C(=O)O[B-]2(c3ccc(Br)s3)OC(=O)C(C)(C)[N+]21C,Brc1ccc(Br)o1,35.0,492.10785325999996,4.0,7.0,7.0,7.844000000000006,0.07142857142857142,48.78
A041B057C094,A041,B057,C094,Cn1cnc2ccc(-c3cscc3-c3ccc(-c4cscc4-c4ccc5ncn(C)c5c4)o3)cc21,Cn1cnc2ccc(B3OC(C)(C)C(C)(C)O3)cc21,CC1(C)C(=O)O[B-]2(c3cscc3Br)OC(=O)C(C)(C)[N+]21C,Brc1ccc(Br)o1,35.0,492.10785326,4.0,7.0,7.0,7.844000000000004,0.07142857142857142,48.78
A041B056C069,A041,B056,C069,Cn1cnc2ccc(-c3ccc(-c4ccoc4-c4ccc(-c5ccc6ncn(C)c6c5)s4)s3)cc21,Cn1cnc2ccc(B3OC(C)(C)C(C)(C)O3)cc21,CC1(C)C(=O)O[B-]2(c3ccc(Br)s3)OC(=O)C(C)(C)[N+]21C,Brc1ccoc1Br,35.0,492.10785326000007,4.0,7.0,7.0,7.844000000000006,0.07142857142857142,48.78
A041B056C115,A041,B056,C115,Cn1cnc2ccc(-c3ccc(-c4cocc4-c4ccc(-c5ccc6ncn(C)c6c5)s4)s3)cc21,Cn1cnc2ccc(B3OC(C)(C)C(C)(C)O3)cc21,CC1(C)C(=O)O[B-]2(c3ccc(Br)s3)OC(=O)C(C)(C)[N+]21C,Brc1cocc1Br,35.0,492.10785326000007,4.0,7.0,7.0,7.844000000000006,0.07142857142857142,48.78
A041B057C069,A041,B057,C069,Cn1cnc2ccc(-c3cscc3-c3ccoc3-c3cscc3-c3ccc4ncn(C)c4c3)cc21,Cn1cnc2ccc(B3OC(C)(C)C(C)(C)O3)cc21,CC1(C)C(=O)O[B-]2(c3cscc3Br)OC(=O)C(C)(C)[N+]21C,Brc1ccoc1Br,35.0,492.10785326000007,4.0,7.0,7.0,7.844000000000004,0.07142857142857142,48.78
A041B057C115,A041,B057,C115,Cn1cnc2ccc(-c3cscc3-c3cocc3-c3cscc3-c3ccc4ncn(C)c4c3)cc21,Cn1cnc2ccc(B3OC(C)(C)C(C)(C)O3)cc21,CC1(C)C(=O)O[B-]2(c3cscc3Br)OC(=O)C(C)(C)[N+]21C,Brc1cocc1Br,35.0,492.10785326000007,4.0,7.0,7.0,7.844000000000004,0.07142857142857142,48.78
A042B056C025,A042,B056,C025,Cn1ccc2cc(-c3ccc(-c4ccc(-c5ccc(-c6ccc7c(ccn7C)c6)s5)s4)s3)ccc21,Cn1ccc2cc(B3OC(C)(C)C(C)(C)O3)ccc21,CC1(C)C(=O)O[B-]2(c3ccc(Br)s3)OC(=O)C(C)(C)[N+]21C,Brc1ccc(Br)s1,35.0,506.094511704,4.0,7.0,5.0,9.522499999999996,0.06666666666666667,9.86
A042B056C070,A042,B056,C070,Cn1ccc2cc(-c3ccc(-c4ccsc4-c4ccc(-c5ccc6c(ccn6C)c5)s4)s3)ccc21,Cn1ccc2cc(B3OC(C)(C)C(C)(C)O3)ccc21,CC1(C)C(=O)O[B-]2(c3ccc(Br)s3)OC(=O)C(C)(C)[N+]21C,Brc1ccsc1Br,35.0,506.094511704,4.0,7.0,5.0,9.522499999999994,0.06666666666666667,9.86
A042B057C025,A042,B057,C025,Cn1ccc2cc(-c3cscc3-c3ccc(-c4cscc4-c4ccc5c(ccn5C)c4)s3)ccc21,Cn1ccc2cc(B3OC(C)(C)C(C)(C)O3)ccc21,CC1(C)C(=O)O[B-]2(c3cscc3Br)OC(=O)C(C)(C)[N+]21C,Brc1ccc(Br)s1,35.0,506.094511704,4.0,7.0,5.0,9.522499999999994,0.06666666666666667,9.86
A042B057C070,A042,B057,C070,Cn1ccc2cc(-c3cscc3-c3ccsc3-c3cscc3-c3ccc4c(ccn4C)c3)ccc21,Cn1ccc2cc(B3OC(C)(C)C(C)(C)O3)ccc21,CC1(C)C(=O)O[B-]2(c3cscc3Br)OC(=O)C(C)(C)[N+]21C,Brc1ccsc1Br,35.0,506.09451170400007,4.0,7.0,5.0,9.522499999999994,0.06666666666666667,9.86
A042B056C078,A042,B056,C078,Cn1ccc2cc(-c3ccc(-c4csc(-c5ccc(-c6ccc7c(ccn7C)c6)s5)n4)s3)ccc21,Cn1ccc2cc(B3OC(C)(C)C(C)(C)O3)ccc21,CC1(C)C(=O)O[B-]2(c3ccc(Br)s3)OC(=O)C(C)(C)[N+]21C,Brc1csc(Br)n1,35.0,507.089760672,4.0,7.0,6.0,8.917499999999999,0.06896551724137931,22.75
A042B057C100,A042,B057,C100,Cn1ccc2cc(-c3cscc3-c3cnc(-c4cscc4-c4ccc5c(ccn5C)c4)s3)ccc21,Cn1ccc2cc(B3OC(C)(C)C(C)(C)O3)ccc21,CC1(C)C(=O)O[B-]2(c3cscc3Br)OC(=O)C(C)(C)[N+]21C,Brc1cnc(Br)s1,35.0,507.089760672,4.0,7.0,6.0,8.917499999999999,0.06896551724137931,22.75
A042B056C100,A042,B056,C100,Cn1ccc2cc(-c3ccc(-c4cnc(-c5ccc(-c6ccc7c(ccn7C)c6)s5)s4)s3)ccc21,Cn1ccc2cc(B3OC(C)(C)C(C)(C)O3)ccc21,CC1(C)C(=O)O[B-]2(c3ccc(Br)s3)OC(=O)C(C)(C)[N+]21C,Brc1cnc(Br)s1,35.0,507.0897606720001,4.0,7.0,6.0,8.9175,0.06896551724137931,22.75
A042B057C078,A042,B057,C078,Cn1ccc2cc(-c3cscc3-c3csc(-c4cscc4-c4ccc5c(ccn5C)c4)n3)ccc21,Cn1ccc2cc(B3OC(C)(C)C(C)(C)O3)ccc21,CC1(C)C(=O)O[B-]2(c3cscc3Br)OC(=O)C(C)(C)[N+]21C,Brc1csc(Br)n1,35.0,507.0897606720001,4.0,7.0,6.0,8.917499999999999,0.06896551724137931,22.75
A042B057C080,A042,B057,C080,Cn1ccc2cc(-c3cscc3-c3nnc(-c4cscc4-c4ccc5c(ccn5C)c4)s3)ccc21,Cn1ccc2cc(B3OC(C)(C)C(C)(C)O3)ccc21,CC1(C)C(=O)O[B-]2(c3cscc3Br)OC(=O)C(C)(C)[N+]21C,Brc1nnc(Br)s1,35.0,508.08500963999995,4.0,7.0,7.0,8.312500000000002,0.07142857142857142,35.64
A041B056C025,A041,B056,C025,Cn1cnc2ccc(-c3ccc(-c4ccc(-c5ccc(-c6ccc7ncn(C)c7c6)s5)s4)s3)cc21,Cn1cnc2ccc(B3OC(C)(C)C(C)(C)O3)cc21,CC1(C)C(=O)O[B-]2(c3ccc(Br)s3)OC(=O)C(C)(C)[N+]21C,Brc1ccc(Br)s1,35.0,508.08500964000007,4.0,7.0,7.0,8.312500000000004,0.07142857142857142,35.64
A041B056C070,A041,B056,C070,Cn1cnc2ccc(-c3ccc(-c4ccsc4-c4ccc(-c5ccc6ncn(C)c6c5)s4)s3)cc21,Cn1cnc2ccc(B3OC(C)(C)C(C)(C)O3)cc21,CC1(C)C(=O)O[B-]2(c3ccc(Br)s3)OC(=O)C(C)(C)[N+]21C,Brc1ccsc1Br,35.0,508.08500964000007,4.0,7.0,7.0,8.312500000000002,0.07142857142857142,35.64
A041B057C025,A041,B057,C025,Cn1cnc2ccc(-c3cscc3-c3ccc(-c4cscc4-c4ccc5ncn(C)c5c4)s3)cc21,Cn1cnc2ccc(B3OC(C)(C)C(C)(C)O3)cc21,CC1(C)C(=O)O[B-]2(c3cscc3Br)OC(=O)C(C)(C)[N+]21C,Brc1ccc(Br)s1,35.0,508.08500964000007,4.0,7.0,7.0,8.312500000000002,0.07142857142857142,35.64
A041B057C070,A041,B057,C070,Cn1cnc2ccc(-c3cscc3-c3ccsc3-c3cscc3-c3ccc4ncn(C)c4c3)cc21,Cn1cnc2ccc(B3OC(C)(C)C(C)(C)O3)cc21,CC1(C)C(=O)O[B-]2(c3cscc3Br)OC(=O)C(C)(C)[N+]21C,Brc1ccsc1Br,35.0,508.08500964000007,4.0,7.0,7.0,8.312500000000002,0.07142857142857142,35.64
A042B056C080,A042,B056,C080,Cn1ccc2cc(-c3ccc(-c4nnc(-c5ccc(-c6ccc7c(ccn7C)c6)s5)s4)s3)ccc21,Cn1ccc2cc(B3OC(C)(C)C(C)(C)O3)ccc21,CC1(C)C(=O)O[B-]2(c3ccc(Br)s3)OC(=O)C(C)(C)[N+]21C,Brc1nnc(Br)s1,35.0,508.08500964000007,4.0,7.0,7.0,8.312500000000004,0.07142857142857142,35.64
A041B056C078,A041,B056,C078,Cn1cnc2ccc(-c3ccc(-c4csc(-c5ccc(-c6ccc7ncn(C)c7c6)s5)n4)s3)cc21,Cn1cnc2ccc(B3OC(C)(C)C(C)(C)O3)cc21,CC1(C)C(=O)O[B-]2(c3ccc(Br)s3)OC(=O)C(C)(C)[N+]21C,Brc1csc(Br)n1,35.0,509.08025860800007,4.0,7.0,8.0,7.707500000000005,0.07407407407407407,48.53
A041B057C100,A041,B057,C100,Cn1cnc2ccc(-c3cscc3-c3cnc(-c4cscc4-c4ccc5ncn(C)c5c4)s3)cc21,Cn1cnc2ccc(B3OC(C)(C)C(C)(C)O3)cc21,CC1(C)C(=O)O[B-]2(c3cscc3Br)OC(=O)C(C)(C)[N+]21C,Brc1cnc(Br)s1,35.0,509.08025860800007,4.0,7.0,8.0,7.707500000000004,0.07407407407407407,48.53
A041B057C078,A041,B057,C078,Cn1cnc2ccc(-c3cscc3-c3csc(-c4cscc4-c4ccc5ncn(C)c5c4)n3)cc21,Cn1cnc2ccc(B3OC(C)(C)C(C)(C)O3)cc21,CC1(C)C(=O)O[B-]2(c3cscc3Br)OC(=O)C(C)(C)[N+]21C,Brc1csc(Br)n1,35.0,509.0802586080001,4.0,7.0,8.0,7.707500000000004,0.07407407407407407,48.53
A041B056C100,A041,B056,C100,Cn1cnc2ccc(-c3ccc(-c4cnc(-c5ccc(-c6ccc7ncn(C)c7c6)s5)s4)s3)cc21,Cn1cnc2ccc(B3OC(C)(C)C(C)(C)O3)cc21,CC1(C)C(=O)O[B-]2(c3ccc(Br)s3)OC(=O)C(C)(C)[N+]21C,Brc1cnc(Br)s1,35.0,509.0802586080002,4.0,7.0,8.0,7.707500000000005,0.07407407407407407,48.53
A041B057C080,A041,B057,C080,Cn1cnc2ccc(-c3cscc3-c3nnc(-c4cscc4-c4ccc5ncn(C)c5c4)s3)cc21,Cn1cnc2ccc(B3OC(C)(C)C(C)(C)O3)cc21,CC1(C)C(=O)O[B-]2(c3cscc3Br)OC(=O)C(C)(C)[N+]21C,Brc1nnc(Br)s1,35.0,510.075507576,4.0,7.0,9.0,7.1025000000000045,0.07692307692307693,61.42
A041B056C080,A041,B056,C080,Cn1cnc2ccc(-c3ccc(-c4nnc(-c5ccc(-c6ccc7ncn(C)c7c6)s5)s4)s3)cc21,Cn1cnc2ccc(B3OC(C)(C)C(C)(C)O3)cc21,CC1(C)C(=O)O[B-]2(c3ccc(Br)s3)OC(=O)C(C)(C)[N+]21C,Brc1nnc(Br)s1,35.0,510.0755075760001,4.0,7.0,9.0,7.1025000000000045,0.07692307692307693,61.42
A014B037C036,A014,B037,C036,CN(C)c1ccc(-c2ccc(-c3cccc(-c4ccc(-c5ccc(N(C)C)cc5)cc4)c3)cc2)cc1,CN(C)c1ccc(B2OC(C)(C)C(C)(C)O2)cc1,CC1(C)C(=O)O[B-]2(c3ccc(Br)cc3)OC(=O)C(C)(C)[N+]21C,Brc1cccc(Br)c1,36.0,468.256549024,6.0,5.0,2.0,8.486600000000005,0.11764705882352941,6.48
A015B065C036,A015,B065,C036,CN(C)c1ccc(C=Cc2cccc(C=Cc3ccc(N(C)C)c4ccccc34)c2)c2ccccc12,CN(C)c1ccc(B2OC(C)(C)C(C)(C)O2)c2ccccc12,CC1(C)C(=O)O[B-]2(/C=C/Br)OC(=O)C(C)(C)[N+]21C,Brc1cccc(Br)c1,36.0,468.256549024,6.0,5.0,2.0,8.465800000000005,0.11764705882352941,6.48
A015B066C036,A015,B066,C036,CN(C)c1ccc(C=Cc2cccc(C=Cc3ccc(N(C)C)c4ccccc34)c2)c2ccccc12,CN(C)c1ccc(B2OC(C)(C)C(C)(C)O2)c2ccccc12,CC1(C)C(=O)O[B-]2(/C=C\Br)OC(=O)C(C)(C)[N+]21C,Brc1cccc(Br)c1,36.0,468.256549024,6.0,5.0,2.0,8.465800000000005,0.11764705882352941,6.48
A014B037C041,A014,B037,C041,CN(C)c1ccc(-c2ccc(-c3cccc(-c4ccc(-c5ccc(N(C)C)cc5)cc4)n3)cc2)cc1,CN(C)c1ccc(B2OC(C)(C)C(C)(C)O2)cc1,CC1(C)C(=O)O[B-]2(c3ccc(Br)cc3)OC(=O)C(C)(C)[N+]21C,Brc1cccc(Br)n1,36.0,469.25179799200004,6.0,5.0,3.0,7.881600000000008,0.12121212121212122,19.37
A015B065C041,A015,B065,C041,CN(C)c1ccc(C=Cc2cccc(C=Cc3ccc(N(C)C)c4ccccc34)n2)c2ccccc12,CN(C)c1ccc(B2OC(C)(C)C(C)(C)O2)c2ccccc12,CC1(C)C(=O)O[B-]2(/C=C/Br)OC(=O)C(C)(C)[N+]21C,Brc1cccc(Br)n1,36.0,469.25179799200004,6.0,5.0,3.0,7.860800000000008,0.12121212121212122,19.37
A015B066C041,A015,B066,C041,CN(C)c1ccc(C=Cc2cccc(C=Cc3ccc(N(C)C)c4ccccc34)n2)c2ccccc12,CN(C)c1ccc(B2OC(C)(C)C(C)(C)O2)c2ccccc12,CC1(C)C(=O)O[B-]2(/C=C\Br)OC(=O)C(C)(C)[N+]21C,Brc1cccc(Br)n1,36.0,469.25179799200004,6.0,5.0,3.0,7.860800000000008,0.12121212121212122,19.37
A042B067C036,A042,B067,C036,Cn1ccc2cc(-c3cc(-c4cccc(-c5cc(-c6ccc7c(ccn7C)c6)no5)c4)on3)ccc21,Cn1ccc2cc(B3OC(C)(C)C(C)(C)O3)ccc21,CC1(C)C(=O)O[B-]2(c3cc(Br)no3)OC(=O)C(C)(C)[N+]21C,Brc1cccc(Br)c1,36.0,470.174275944,4.0,7.0,6.0,7.314000000000005,0.06666666666666667,61.92
A042B067C041,A042,B067,C041,Cn1ccc2cc(-c3cc(-c4cccc(-c5cc(-c6ccc7c(ccn7C)c6)no5)n4)on3)ccc21,Cn1ccc2cc(B3OC(C)(C)C(C)(C)O3)ccc21,CC1(C)C(=O)O[B-]2(c3cc(Br)no3)OC(=O)C(C)(C)[N+]21C,Brc1cccc(Br)n1,36.0,471.16952491200004,4.0,7.0,7.0,6.709000000000005,0.06896551724137931,74.81
A041B067C036,A041,B067,C036,Cn1cnc2ccc(-c3cc(-c4cccc(-c5cc(-c6ccc7ncn(C)c7c6)no5)c4)on3)cc21,Cn1cnc2ccc(B3OC(C)(C)C(C)(C)O3)cc21,CC1(C)C(=O)O[B-]2(c3cc(Br)no3)OC(=O)C(C)(C)[N+]21C,Brc1cccc(Br)c1,36.0,472.16477388000004,4.0,7.0,8.0,6.1040000000000045,0.07142857142857142,87.7
A041B067C041,A041,B067,C041,Cn1cnc2ccc(-c3cc(-c4cccc(-c5cc(-c6ccc7ncn(C)c7c6)no5)n4)on3)cc21,Cn1cnc2ccc(B3OC(C)(C)C(C)(C)O3)cc21,CC1(C)C(=O)O[B-]2(c3cc(Br)no3)OC(=O)C(C)(C)[N+]21C,Brc1cccc(Br)n1,36.0,473.1600228480001,4.0,7.0,9.0,5.499000000000004,0.07407407407407407,100.59
A042B056C036,A042,B056,C036,Cn1ccc2cc(-c3ccc(-c4cccc(-c5ccc(-c6ccc7c(ccn7C)c6)s5)c4)s3)ccc21,Cn1ccc2cc(B3OC(C)(C)C(C)(C)O3)ccc21,CC1(C)C(=O)O[B-]2(c3ccc(Br)s3)OC(=O)C(C)(C)[N+]21C,Brc1cccc(Br)c1,36.0,500.138090768,4.0,7.0,4.0,9.460999999999997,0.0625,9.86
A042B057C036,A042,B057,C036,Cn1ccc2cc(-c3cscc3-c3cccc(-c4cscc4-c4ccc5c(ccn5C)c4)c3)ccc21,Cn1ccc2cc(B3OC(C)(C)C(C)(C)O3)ccc21,CC1(C)C(=O)O[B-]2(c3cscc3Br)OC(=O)C(C)(C)[N+]21C,Brc1cccc(Br)c1,36.0,500.13809076800004,4.0,7.0,4.0,9.460999999999997,0.0625,9.86
A042B056C041,A042,B056,C041,Cn1ccc2cc(-c3ccc(-c4cccc(-c5ccc(-c6ccc7c(ccn7C)c6)s5)n4)s3)ccc21,Cn1ccc2cc(B3OC(C)(C)C(C)(C)O3)ccc21,CC1(C)C(=O)O[B-]2(c3ccc(Br)s3)OC(=O)C(C)(C)[N+]21C,Brc1cccc(Br)n1,36.0,501.133339736,4.0,7.0,5.0,8.856,0.06451612903225806,22.75
A042B057C041,A042,B057,C041,Cn1ccc2cc(-c3cscc3-c3cccc(-c4cscc4-c4ccc5c(ccn5C)c4)n3)ccc21,Cn1ccc2cc(B3OC(C)(C)C(C)(C)O3)ccc21,CC1(C)C(=O)O[B-]2(c3cscc3Br)OC(=O)C(C)(C)[N+]21C,Brc1cccc(Br)n1,36.0,501.1333397360001,4.0,7.0,5.0,8.856,0.06451612903225806,22.75
A041B056C036,A041,B056,C036,Cn1cnc2ccc(-c3ccc(-c4cccc(-c5ccc(-c6ccc7ncn(C)c7c6)s5)c4)s3)cc21,Cn1cnc2ccc(B3OC(C)(C)C(C)(C)O3)cc21,CC1(C)C(=O)O[B-]2(c3ccc(Br)s3)OC(=O)C(C)(C)[N+]21C,Brc1cccc(Br)c1,36.0,502.12858870400004,4.0,7.0,6.0,8.251000000000003,0.06666666666666667,35.64
A041B057C036,A041,B057,C036,Cn1cnc2ccc(-c3cscc3-c3cccc(-c4cscc4-c4ccc5ncn(C)c5c4)c3)cc21,Cn1cnc2ccc(B3OC(C)(C)C(C)(C)O3)cc21,CC1(C)C(=O)O[B-]2(c3cscc3Br)OC(=O)C(C)(C)[N+]21C,Brc1cccc(Br)c1,36.0,502.12858870400004,4.0,7.0,6.0,8.251000000000003,0.06666666666666667,35.64
A041B056C041,A041,B056,C041,Cn1cnc2ccc(-c3ccc(-c4cccc(-c5ccc(-c6ccc7ncn(C)c7c6)s5)n4)s3)cc21,Cn1cnc2ccc(B3OC(C)(C)C(C)(C)O3)cc21,CC1(C)C(=O)O[B-]2(c3ccc(Br)s3)OC(=O)C(C)(C)[N+]21C,Brc1cccc(Br)n1,36.0,503.12383767200004,4.0,7.0,7.0,7.646000000000005,0.06896551724137931,48.53
A041B057C041,A041,B057,C041,Cn1cnc2ccc(-c3cscc3-c3cccc(-c4cscc4-c4ccc5ncn(C)c5c4)n3)cc21,Cn1cnc2ccc(B3OC(C)(C)C(C)(C)O3)cc21,CC1(C)C(=O)O[B-]2(c3cscc3Br)OC(=O)C(C)(C)[N+]21C,Brc1cccc(Br)n1,36.0,503.1238376720001,4.0,7.0,7.0,7.646000000000004,0.06896551724137931,48.53
A042B037C094,A042,B037,C094,Cn1ccc2cc(-c3ccc(-c4ccc(-c5ccc(-c6ccc7c(ccn7C)c6)cc5)o4)cc3)ccc21,Cn1ccc2cc(B3OC(C)(C)C(C)(C)O3)ccc21,CC1(C)C(=O)O[B-]2(c3ccc(Br)cc3)OC(=O)C(C)(C)[N+]21C,Brc1ccc(Br)o1,37.0,478.20451345199996,4.0,7.0,3.0,8.931,0.058823529411764705,23.0
A042B037C069,A042,B037,C069,Cn1ccc2cc(-c3ccc(-c4ccoc4-c4ccc(-c5ccc6c(ccn6C)c5)cc4)cc3)ccc21,Cn1ccc2cc(B3OC(C)(C)C(C)(C)O3)ccc21,CC1(C)C(=O)O[B-]2(c3ccc(Br)cc3)OC(=O)C(C)(C)[N+]21C,Brc1ccoc1Br,37.0,478.204513452,4.0,7.0,3.0,8.931,0.058823529411764705,23.0
A042B037C115,A042,B037,C115,Cn1ccc2cc(-c3ccc(-c4cocc4-c4ccc(-c5ccc6c(ccn6C)c5)cc4)cc3)ccc21,Cn1ccc2cc(B3OC(C)(C)C(C)(C)O3)ccc21,CC1(C)C(=O)O[B-]2(c3ccc(Br)cc3)OC(=O)C(C)(C)[N+]21C,Brc1cocc1Br,37.0,478.204513452,4.0,7.0,3.0,8.931000000000001,0.058823529411764705,23.0
A041B037C069,A041,B037,C069,Cn1cnc2ccc(-c3ccc(-c4ccoc4-c4ccc(-c5ccc6ncn(C)c6c5)cc4)cc3)cc21,Cn1cnc2ccc(B3OC(C)(C)C(C)(C)O3)cc21,CC1(C)C(=O)O[B-]2(c3ccc(Br)cc3)OC(=O)C(C)(C)[N+]21C,Brc1ccoc1Br,37.0,480.195011388,4.0,7.0,5.0,7.721000000000006,0.0625,48.78
A041B037C094,A041,B037,C094,Cn1cnc2ccc(-c3ccc(-c4ccc(-c5ccc(-c6ccc7ncn(C)c7c6)cc5)o4)cc3)cc21,Cn1cnc2ccc(B3OC(C)(C)C(C)(C)O3)cc21,CC1(C)C(=O)O[B-]2(c3ccc(Br)cc3)OC(=O)C(C)(C)[N+]21C,Brc1ccc(Br)o1,37.0,480.195011388,4.0,7.0,5.0,7.721000000000006,0.0625,48.78
A041B037C115,A041,B037,C115,Cn1cnc2ccc(-c3ccc(-c4cocc4-c4ccc(-c5ccc6ncn(C)c6c5)cc4)cc3)cc21,Cn1cnc2ccc(B3OC(C)(C)C(C)(C)O3)cc21,CC1(C)C(=O)O[B-]2(c3ccc(Br)cc3)OC(=O)C(C)(C)[N+]21C,Brc1cocc1Br,37.0,480.195011388,4.0,7.0,5.0,7.721000000000006,0.0625,48.78
A031B067C094,A031,B067,C094,c1cn(-c2ccc(-c3cc(-c4ccc(-c5cc(-c6ccc(-n7ccnc7)cc6)no5)o4)on3)cc2)cn1,CC1(C)OB(c2ccc(-n3ccnc3)cc2)OC1(C)C,CC1(C)C(=O)O[B-]2(c3cc(Br)no3)OC(=O)C(C)(C)[N+]21C,Brc1ccc(Br)o1,37.0,486.144038436,6.0,7.0,9.0,6.295000000000004,0.0,100.84
A031B067C069,A031,B067,C069,c1cn(-c2ccc(-c3cc(-c4ccoc4-c4cc(-c5ccc(-n6ccnc6)cc5)no4)on3)cc2)cn1,CC1(C)OB(c2ccc(-n3ccnc3)cc2)OC1(C)C,CC1(C)C(=O)O[B-]2(c3cc(Br)no3)OC(=O)C(C)(C)[N+]21C,Brc1ccoc1Br,37.0,486.1440384360001,6.0,7.0,9.0,6.295000000000004,0.0,100.84
A031B067C115,A031,B067,C115,c1cn(-c2ccc(-c3cc(-c4cocc4-c4cc(-c5ccc(-n6ccnc6)cc5)no4)on3)cc2)cn1,CC1(C)OB(c2ccc(-n3ccnc3)cc2)OC1(C)C,CC1(C)C(=O)O[B-]2(c3cc(Br)no3)OC(=O)C(C)(C)[N+]21C,Brc1cocc1Br,37.0,486.1440384360001,6.0,7.0,9.0,6.295000000000004,0.0,100.84
A042B037C025,A042,B037,C025,Cn1ccc2cc(-c3ccc(-c4ccc(-c5ccc(-c6ccc7c(ccn7C)c6)cc5)s4)cc3)ccc21,Cn1ccc2cc(B3OC(C)(C)C(C)(C)O3)ccc21,CC1(C)C(=O)O[B-]2(c3ccc(Br)cc3)OC(=O)C(C)(C)[N+]21C,Brc1ccc(Br)s1,37.0,494.18166983199995,4.0,7.0,3.0,9.399499999999996,0.058823529411764705,9.86
A042B037C070,A042,B037,C070,Cn1ccc2cc(-c3ccc(-c4ccsc4-c4ccc(-c5ccc6c(ccn6C)c5)cc4)cc3)ccc21,Cn1ccc2cc(B3OC(C)(C)C(C)(C)O3)ccc21,CC1(C)C(=O)O[B-]2(c3ccc(Br)cc3)OC(=O)C(C)(C)[N+]21C,Brc1ccsc1Br,37.0,494.181669832,4.0,7.0,3.0,9.399499999999996,0.058823529411764705,9.86
A042B037C078,A042,B037,C078,Cn1ccc2cc(-c3ccc(-c4csc(-c5ccc(-c6ccc7c(ccn7C)c6)cc5)n4)cc3)ccc21,Cn1ccc2cc(B3OC(C)(C)C(C)(C)O3)ccc21,CC1(C)C(=O)O[B-]2(c3ccc(Br)cc3)OC(=O)C(C)(C)[N+]21C,Brc1csc(Br)n1,37.0,495.17691880000007,4.0,7.0,4.0,8.794500000000001,0.06060606060606061,22.75
A042B037C100,A042,B037,C100,Cn1ccc2cc(-c3ccc(-c4cnc(-c5ccc(-c6ccc7c(ccn7C)c6)cc5)s4)cc3)ccc21,Cn1ccc2cc(B3OC(C)(C)C(C)(C)O3)ccc21,CC1(C)C(=O)O[B-]2(c3ccc(Br)cc3)OC(=O)C(C)(C)[N+]21C,Brc1cnc(Br)s1,37.0,495.17691880000007,4.0,7.0,4.0,8.794500000000001,0.06060606060606061,22.75
A041B037C025,A041,B037,C025,Cn1cnc2ccc(-c3ccc(-c4ccc(-c5ccc(-c6ccc7ncn(C)c7c6)cc5)s4)cc3)cc21,Cn1cnc2ccc(B3OC(C)(C)C(C)(C)O3)cc21,CC1(C)C(=O)O[B-]2(c3ccc(Br)cc3)OC(=O)C(C)(C)[N+]21C,Brc1ccc(Br)s1,37.0,496.172167768,4.0,7.0,5.0,8.189500000000006,0.0625,35.64
A041B037C070,A041,B037,C070,Cn1cnc2ccc(-c3ccc(-c4ccsc4-c4ccc(-c5ccc6ncn(C)c6c5)cc4)cc3)cc21,Cn1cnc2ccc(B3OC(C)(C)C(C)(C)O3)cc21,CC1(C)C(=O)O[B-]2(c3ccc(Br)cc3)OC(=O)C(C)(C)[N+]21C,Brc1ccsc1Br,37.0,496.172167768,4.0,7.0,5.0,8.189500000000004,0.0625,35.64
A042B037C080,A042,B037,C080,Cn1ccc2cc(-c3ccc(-c4nnc(-c5ccc(-c6ccc7c(ccn7C)c6)cc5)s4)cc3)ccc21,Cn1ccc2cc(B3OC(C)(C)C(C)(C)O3)ccc21,CC1(C)C(=O)O[B-]2(c3ccc(Br)cc3)OC(=O)C(C)(C)[N+]21C,Brc1nnc(Br)s1,37.0,496.172167768,4.0,7.0,5.0,8.189500000000006,0.0625,35.64
A041B037C078,A041,B037,C078,Cn1cnc2ccc(-c3ccc(-c4csc(-c5ccc(-c6ccc7ncn(C)c7c6)cc5)n4)cc3)cc21,Cn1cnc2ccc(B3OC(C)(C)C(C)(C)O3)cc21,CC1(C)C(=O)O[B-]2(c3ccc(Br)cc3)OC(=O)C(C)(C)[N+]21C,Brc1csc(Br)n1,37.0,497.16741673600006,4.0,7.0,6.0,7.584500000000006,0.06451612903225806,48.53
A041B037C100,A041,B037,C100,Cn1cnc2ccc(-c3ccc(-c4cnc(-c5ccc(-c6ccc7ncn(C)c7c6)cc5)s4)cc3)cc21,Cn1cnc2ccc(B3OC(C)(C)C(C)(C)O3)cc21,CC1(C)C(=O)O[B-]2(c3ccc(Br)cc3)OC(=O)C(C)(C)[N+]21C,Brc1cnc(Br)s1,37.0,497.1674167360001,4.0,7.0,6.0,7.584500000000006,0.06451612903225806,48.53
A041B037C080,A041,B037,C080,Cn1cnc2ccc(-c3ccc(-c4nnc(-c5ccc(-c6ccc7ncn(C)c7c6)cc5)s4)cc3)cc21,Cn1cnc2ccc(B3OC(C)(C)C(C)(C)O3)cc21,CC1(C)C(=O)O[B-]2(c3ccc(Br)cc3)OC(=O)C(C)(C)[N+]21C,Brc1nnc(Br)s1,37.0,498.16266570400006,4.0,7.0,7.0,6.979500000000006,0.06666666666666667,61.42
A031B067C025,A031,B067,C025,c1cn(-c2ccc(-c3cc(-c4ccc(-c5cc(-c6ccc(-n7ccnc7)cc6)no5)s4)on3)cc2)cn1,CC1(C)OB(c2ccc(-n3ccnc3)cc2)OC1(C)C,CC1(C)C(=O)O[B-]2(c3cc(Br)no3)OC(=O)C(C)(C)[N+]21C,Brc1ccc(Br)s1,37.0,502.12119481600007,6.0,7.0,9.0,6.763500000000005,0.0,87.7
A031B067C070,A031,B067,C070,c1cn(-c2ccc(-c3cc(-c4ccsc4-c4cc(-c5ccc(-n6ccnc6)cc5)no4)on3)cc2)cn1,CC1(C)OB(c2ccc(-n3ccnc3)cc2)OC1(C)C,CC1(C)C(=O)O[B-]2(c3cc(Br)no3)OC(=O)C(C)(C)[N+]21C,Brc1ccsc1Br,37.0,502.12119481600007,6.0,7.0,9.0,6.763500000000004,0.0,87.7
A031B067C100,A031,B067,C100,c1cn(-c2ccc(-c3cc(-c4cnc(-c5cc(-c6ccc(-n7ccnc7)cc6)no5)s4)on3)cc2)cn1,CC1(C)OB(c2ccc(-n3ccnc3)cc2)OC1(C)C,CC1(C)C(=O)O[B-]2(c3cc(Br)no3)OC(=O)C(C)(C)[N+]21C,Brc1cnc(Br)s1,37.0,503.11644378400007,6.0,7.0,10.0,6.1585000000000045,0.0,100.59
A031B067C078,A031,B067,C078,c1cn(-c2ccc(-c3cc(-c4csc(-c5cc(-c6ccc(-n7ccnc7)cc6)no5)n4)on3)cc2)cn1,CC1(C)OB(c2ccc(-n3ccnc3)cc2)OC1(C)C,CC1(C)C(=O)O[B-]2(c3cc(Br)no3)OC(=O)C(C)(C)[N+]21C,Brc1csc(Br)n1,37.0,503.1164437840001,6.0,7.0,10.0,6.1585000000000045,0.0,100.59
A031B067C080,A031,B067,C080,c1cn(-c2ccc(-c3cc(-c4nnc(-c5cc(-c6ccc(-n7ccnc7)cc6)no5)s4)on3)cc2)cn1,CC1(C)OB(c2ccc(-n3ccnc3)cc2)OC1(C)C,CC1(C)C(=O)O[B-]2(c3cc(Br)no3)OC(=O)C(C)(C)[N+]21C,Brc1nnc(Br)s1,37.0,504.1116927520001,6.0,7.0,11.0,5.553500000000004,0.0,113.48
A031B056C094,A031,B056,C094,c1cn(-c2ccc(-c3ccc(-c4ccc(-c5ccc(-c6ccc(-n7ccnc7)cc6)s5)o4)s3)cc2)cn1,CC1(C)OB(c2ccc(-n3ccnc3)cc2)OC1(C)C,CC1(C)C(=O)O[B-]2(c3ccc(Br)s3)OC(=O)C(C)(C)[N+]21C,Brc1ccc(Br)o1,37.0,516.1078532600001,6.0,7.0,7.0,8.442000000000004,0.0,48.78
A031B057C069,A031,B057,C069,c1cn(-c2ccc(-c3cscc3-c3ccoc3-c3cscc3-c3ccc(-n4ccnc4)cc3)cc2)cn1,CC1(C)OB(c2ccc(-n3ccnc3)cc2)OC1(C)C,CC1(C)C(=O)O[B-]2(c3cscc3Br)OC(=O)C(C)(C)[N+]21C,Brc1ccoc1Br,37.0,516.1078532600001,6.0,7.0,7.0,8.442000000000004,0.0,48.78
A031B057C094,A031,B057,C094,c1cn(-c2ccc(-c3cscc3-c3ccc(-c4cscc4-c4ccc(-n5ccnc5)cc4)o3)cc2)cn1,CC1(C)OB(c2ccc(-n3ccnc3)cc2)OC1(C)C,CC1(C)C(=O)O[B-]2(c3cscc3Br)OC(=O)C(C)(C)[N+]21C,Brc1ccc(Br)o1,37.0,516.1078532600001,6.0,7.0,7.0,8.442000000000004,0.0,48.78
A031B057C115,A031,B057,C115,c1cn(-c2ccc(-c3cscc3-c3cocc3-c3cscc3-c3ccc(-n4ccnc4)cc3)cc2)cn1,CC1(C)OB(c2ccc(-n3ccnc3)cc2)OC1(C)C,CC1(C)C(=O)O[B-]2(c3cscc3Br)OC(=O)C(C)(C)[N+]21C,Brc1cocc1Br,37.0,516.1078532600001,6.0,7.0,7.0,8.442000000000004,0.0,48.78
A031B056C069,A031,B056,C069,c1cn(-c2ccc(-c3ccc(-c4ccoc4-c4ccc(-c5ccc(-n6ccnc6)cc5)s4)s3)cc2)cn1,CC1(C)OB(c2ccc(-n3ccnc3)cc2)OC1(C)C,CC1(C)C(=O)O[B-]2(c3ccc(Br)s3)OC(=O)C(C)(C)[N+]21C,Brc1ccoc1Br,37.0,516.1078532600002,6.0,7.0,7.0,8.442000000000004,0.0,48.78
A031B056C115,A031,B056,C115,c1cn(-c2ccc(-c3ccc(-c4cocc4-c4ccc(-c5ccc(-n6ccnc6)cc5)s4)s3)cc2)cn1,CC1(C)OB(c2ccc(-n3ccnc3)cc2)OC1(C)C,CC1(C)C(=O)O[B-]2(c3ccc(Br)s3)OC(=O)C(C)(C)[N+]21C,Brc1cocc1Br,37.0,516.1078532600002,6.0,7.0,7.0,8.442000000000004,0.0,48.78
A031B056C025,A031,B056,C025,c1cn(-c2ccc(-c3ccc(-c4ccc(-c5ccc(-c6ccc(-n7ccnc7)cc6)s5)s4)s3)cc2)cn1,CC1(C)OB(c2ccc(-n3ccnc3)cc2)OC1(C)C,CC1(C)C(=O)O[B-]2(c3ccc(Br)s3)OC(=O)C(C)(C)[N+]21C,Brc1ccc(Br)s1,37.0,532.0850096400002,6.0,7.0,7.0,8.9105,0.0,35.64
A031B056C070,A031,B056,C070,c1cn(-c2ccc(-c3ccc(-c4ccsc4-c4ccc(-c5ccc(-n6ccnc6)cc5)s4)s3)cc2)cn1,CC1(C)OB(c2ccc(-n3ccnc3)cc2)OC1(C)C,CC1(C)C(=O)O[B-]2(c3ccc(Br)s3)OC(=O)C(C)(C)[N+]21C,Brc1ccsc1Br,37.0,532.0850096400002,6.0,7.0,7.0,8.9105,0.0,35.64
A031B057C025,A031,B057,C025,c1cn(-c2ccc(-c3cscc3-c3ccc(-c4cscc4-c4ccc(-n5ccnc5)cc4)s3)cc2)cn1,CC1(C)OB(c2ccc(-n3ccnc3)cc2)OC1(C)C,CC1(C)C(=O)O[B-]2(c3cscc3Br)OC(=O)C(C)(C)[N+]21C,Brc1ccc(Br)s1,37.0,532.0850096400002,6.0,7.0,7.0,8.9105,0.0,35.64
A031B057C070,A031,B057,C070,c1cn(-c2ccc(-c3cscc3-c3ccsc3-c3cscc3-c3ccc(-n4ccnc4)cc3)cc2)cn1,CC1(C)OB(c2ccc(-n3ccnc3)cc2)OC1(C)C,CC1(C)C(=O)O[B-]2(c3cscc3Br)OC(=O)C(C)(C)[N+]21C,Brc1ccsc1Br,37.0,532.0850096400002,6.0,7.0,7.0,8.9105,0.0,35.64
A031B056C078,A031,B056,C078,c1cn(-c2ccc(-c3ccc(-c4csc(-c5ccc(-c6ccc(-n7ccnc7)cc6)s5)n4)s3)cc2)cn1,CC1(C)OB(c2ccc(-n3ccnc3)cc2)OC1(C)C,CC1(C)C(=O)O[B-]2(c3ccc(Br)s3)OC(=O)C(C)(C)[N+]21C,Brc1csc(Br)n1,37.0,533.080258608,6.0,7.0,8.0,8.305500000000004,0.0,48.53
A031B056C100,A031,B056,C100,c1cn(-c2ccc(-c3ccc(-c4cnc(-c5ccc(-c6ccc(-n7ccnc7)cc6)s5)s4)s3)cc2)cn1,CC1(C)OB(c2ccc(-n3ccnc3)cc2)OC1(C)C,CC1(C)C(=O)O[B-]2(c3ccc(Br)s3)OC(=O)C(C)(C)[N+]21C,Brc1cnc(Br)s1,37.0,533.080258608,6.0,7.0,8.0,8.305500000000004,0.0,48.53
A031B057C100,A031,B057,C100,c1cn(-c2ccc(-c3cscc3-c3cnc(-c4cscc4-c4ccc(-n5ccnc5)cc4)s3)cc2)cn1,CC1(C)OB(c2ccc(-n3ccnc3)cc2)OC1(C)C,CC1(C)C(=O)O[B-]2(c3cscc3Br)OC(=O)C(C)(C)[N+]21C,Brc1cnc(Br)s1,37.0,533.080258608,6.0,7.0,8.0,8.305500000000004,0.0,48.53
A031B057C078,A031,B057,C078,c1cn(-c2ccc(-c3cscc3-c3csc(-c4cscc4-c4ccc(-n5ccnc5)cc4)n3)cc2)cn1,CC1(C)OB(c2ccc(-n3ccnc3)cc2)OC1(C)C,CC1(C)C(=O)O[B-]2(c3cscc3Br)OC(=O)C(C)(C)[N+]21C,Brc1csc(Br)n1,37.0,533.0802586080001,6.0,7.0,8.0,8.305500000000004,0.0,48.53
A031B057C080,A031,B057,C080,c1cn(-c2ccc(-c3cscc3-c3nnc(-c4cscc4-c4ccc(-n5ccnc5)cc4)s3)cc2)cn1,CC1(C)OB(c2ccc(-n3ccnc3)cc2)OC1(C)C,CC1(C)C(=O)O[B-]2(c3cscc3Br)OC(=O)C(C)(C)[N+]21C,Brc1nnc(Br)s1,37.0,534.0755075760001,6.0,7.0,9.0,7.700500000000006,0.0,61.42
A031B056C080,A031,B056,C080,c1cn(-c2ccc(-c3ccc(-c4nnc(-c5ccc(-c6ccc(-n7ccnc7)cc6)s5)s4)s3)cc2)cn1,CC1(C)OB(c2ccc(-n3ccnc3)cc2)OC1(C)C,CC1(C)C(=O)O[B-]2(c3ccc(Br)s3)OC(=O)C(C)(C)[N+]21C,Brc1nnc(Br)s1,37.0,534.0755075760002,6.0,7.0,9.0,7.700500000000006,0.0,61.42
A042B037C036,A042,B037,C036,Cn1ccc2cc(-c3ccc(-c4cccc(-c5ccc(-c6ccc7c(ccn7C)c6)cc5)c4)cc3)ccc21,Cn1ccc2cc(B3OC(C)(C)C(C)(C)O3)ccc21,CC1(C)C(=O)O[B-]2(c3ccc(Br)cc3)OC(=O)C(C)(C)[N+]21C,Brc1cccc(Br)c1,38.0,488.225248896,4.0,7.0,2.0,9.337999999999997,0.05555555555555555,9.86
A042B037C041,A042,B037,C041,Cn1ccc2cc(-c3ccc(-c4cccc(-c5ccc(-c6ccc7c(ccn7C)c6)cc5)n4)cc3)ccc21,Cn1ccc2cc(B3OC(C)(C)C(C)(C)O3)ccc21,CC1(C)C(=O)O[B-]2(c3ccc(Br)cc3)OC(=O)C(C)(C)[N+]21C,Brc1cccc(Br)n1,38.0,489.22049786400004,4.0,7.0,3.0,8.733000000000002,0.05714285714285714,22.75
A041B037C036,A041,B037,C036,Cn1cnc2ccc(-c3ccc(-c4cccc(-c5ccc(-c6ccc7ncn(C)c7c6)cc5)c4)cc3)cc21,Cn1cnc2ccc(B3OC(C)(C)C(C)(C)O3)cc21,CC1(C)C(=O)O[B-]2(c3ccc(Br)cc3)OC(=O)C(C)(C)[N+]21C,Brc1cccc(Br)c1,38.0,490.21574683200004,4.0,7.0,4.0,8.128000000000005,0.058823529411764705,35.64
A041B037C041,A041,B037,C041,Cn1cnc2ccc(-c3ccc(-c4cccc(-c5ccc(-c6ccc7ncn(C)c7c6)cc5)n4)cc3)cc21,Cn1cnc2ccc(B3OC(C)(C)C(C)(C)O3)cc21,CC1(C)C(=O)O[B-]2(c3ccc(Br)cc3)OC(=O)C(C)(C)[N+]21C,Brc1cccc(Br)n1,38.0,491.2109958000001,4.0,7.0,5.0,7.523000000000006,0.06060606060606061,48.53
A031B067C036,A031,B067,C036,c1cc(-c2cc(-c3ccc(-n4ccnc4)cc3)no2)cc(-c2cc(-c3ccc(-n4ccnc4)cc3)no2)c1,CC1(C)OB(c2ccc(-n3ccnc3)cc2)OC1(C)C,CC1(C)C(=O)O[B-]2(c3cc(Br)no3)OC(=O)C(C)(C)[N+]21C,Brc1cccc(Br)c1,38.0,496.16477388000004,6.0,7.0,8.0,6.702000000000005,0.0,87.7
A031B067C041,A031,B067,C041,c1cc(-c2cc(-c3ccc(-n4ccnc4)cc3)no2)nc(-c2cc(-c3ccc(-n4ccnc4)cc3)no2)c1,CC1(C)OB(c2ccc(-n3ccnc3)cc2)OC1(C)C,CC1(C)C(=O)O[B-]2(c3cc(Br)no3)OC(=O)C(C)(C)[N+]21C,Brc1cccc(Br)n1,38.0,497.1600228480001,6.0,7.0,9.0,6.097000000000005,0.0,100.59
A031B056C036,A031,B056,C036,c1cc(-c2ccc(-c3ccc(-n4ccnc4)cc3)s2)cc(-c2ccc(-c3ccc(-n4ccnc4)cc3)s2)c1,CC1(C)OB(c2ccc(-n3ccnc3)cc2)OC1(C)C,CC1(C)C(=O)O[B-]2(c3ccc(Br)s3)OC(=O)C(C)(C)[N+]21C,Brc1cccc(Br)c1,38.0,526.1285887040001,6.0,7.0,6.0,8.849000000000002,0.0,35.64
A031B057C036,A031,B057,C036,c1cc(-c2cscc2-c2ccc(-n3ccnc3)cc2)cc(-c2cscc2-c2ccc(-n3ccnc3)cc2)c1,CC1(C)OB(c2ccc(-n3ccnc3)cc2)OC1(C)C,CC1(C)C(=O)O[B-]2(c3cscc3Br)OC(=O)C(C)(C)[N+]21C,Brc1cccc(Br)c1,38.0,526.1285887040001,6.0,7.0,6.0,8.849000000000002,0.0,35.64
A031B056C041,A031,B056,C041,c1cc(-c2ccc(-c3ccc(-n4ccnc4)cc3)s2)nc(-c2ccc(-c3ccc(-n4ccnc4)cc3)s2)c1,CC1(C)OB(c2ccc(-n3ccnc3)cc2)OC1(C)C,CC1(C)C(=O)O[B-]2(c3ccc(Br)s3)OC(=O)C(C)(C)[N+]21C,Brc1cccc(Br)n1,38.0,527.123837672,6.0,7.0,7.0,8.244000000000005,0.0,48.53
A031B057C041,A031,B057,C041,c1cc(-c2cscc2-c2ccc(-n3ccnc3)cc2)nc(-c2cscc2-c2ccc(-n3ccnc3)cc2)c1,CC1(C)OB(c2ccc(-n3ccnc3)cc2)OC1(C)C,CC1(C)C(=O)O[B-]2(c3cscc3Br)OC(=O)C(C)(C)[N+]21C,Brc1cccc(Br)n1,38.0,527.123837672,6.0,7.0,7.0,8.244000000000005,0.0,48.53
A031B037C094,A031,B037,C094,c1cn(-c2ccc(-c3ccc(-c4ccc(-c5ccc(-c6ccc(-n7ccnc7)cc6)cc5)o4)cc3)cc2)cn1,CC1(C)OB(c2ccc(-n3ccnc3)cc2)OC1(C)C,CC1(C)C(=O)O[B-]2(c3ccc(Br)cc3)OC(=O)C(C)(C)[N+]21C,Brc1ccc(Br)o1,39.0,504.195011388,6.0,7.0,5.0,8.319000000000004,0.0,48.78
A031B037C069,A031,B037,C069,c1cn(-c2ccc(-c3ccc(-c4ccoc4-c4ccc(-c5ccc(-n6ccnc6)cc5)cc4)cc3)cc2)cn1,CC1(C)OB(c2ccc(-n3ccnc3)cc2)OC1(C)C,CC1(C)C(=O)O[B-]2(c3ccc(Br)cc3)OC(=O)C(C)(C)[N+]21C,Brc1ccoc1Br,39.0,504.19501138800007,6.0,7.0,5.0,8.319000000000006,0.0,48.78
A031B037C115,A031,B037,C115,c1cn(-c2ccc(-c3ccc(-c4cocc4-c4ccc(-c5ccc(-n6ccnc6)cc5)cc4)cc3)cc2)cn1,CC1(C)OB(c2ccc(-n3ccnc3)cc2)OC1(C)C,CC1(C)C(=O)O[B-]2(c3ccc(Br)cc3)OC(=O)C(C)(C)[N+]21C,Brc1cocc1Br,39.0,504.19501138800007,6.0,7.0,5.0,8.319000000000006,0.0,48.78
A039B065C094,A039,B065,C094,CCn1c2ccccc2c2cc(C=Cc3ccc(C=Cc4ccc5c(c4)c4ccccc4n5CC)o3)ccc21,CCn1c2ccccc2c2cc(B3OC(C)(C)C(C)(C)O3)ccc21,CC1(C)C(=O)O[B-]2(/C=C/Br)OC(=O)C(C)(C)[N+]21C,Brc1ccc(Br)o1,39.0,506.23581357999996,6.0,7.0,3.0,9.875999999999994,0.1111111111111111,23.0
A039B066C094,A039,B066,C094,CCn1c2ccccc2c2cc(C=Cc3ccc(C=Cc4ccc5c(c4)c4ccccc4n5CC)o3)ccc21,CCn1c2ccccc2c2cc(B3OC(C)(C)C(C)(C)O3)ccc21,CC1(C)C(=O)O[B-]2(/C=C\Br)OC(=O)C(C)(C)[N+]21C,Brc1ccc(Br)o1,39.0,506.23581357999996,6.0,7.0,3.0,9.875999999999994,0.1111111111111111,23.0
A039B065C069,A039,B065,C069,CCn1c2ccccc2c2cc(C=Cc3ccoc3C=Cc3ccc4c(c3)c3ccccc3n4CC)ccc21,CCn1c2ccccc2c2cc(B3OC(C)(C)C(C)(C)O3)ccc21,CC1(C)C(=O)O[B-]2(/C=C/Br)OC(=O)C(C)(C)[N+]21C,Brc1ccoc1Br,39.0,506.23581358,6.0,7.0,3.0,9.875999999999994,0.1111111111111111,23.0
A039B065C115,A039,B065,C115,CCn1c2ccccc2c2cc(C=Cc3cocc3C=Cc3ccc4c(c3)c3ccccc3n4CC)ccc21,CCn1c2ccccc2c2cc(B3OC(C)(C)C(C)(C)O3)ccc21,CC1(C)C(=O)O[B-]2(/C=C/Br)OC(=O)C(C)(C)[N+]21C,Brc1cocc1Br,39.0,506.23581358,6.0,7.0,3.0,9.875999999999994,0.1111111111111111,23.0
A039B066C069,A039,B066,C069,CCn1c2ccccc2c2cc(C=Cc3ccoc3C=Cc3ccc4c(c3)c3ccccc3n4CC)ccc21,CCn1c2ccccc2c2cc(B3OC(C)(C)C(C)(C)O3)ccc21,CC1(C)C(=O)O[B-]2(/C=C\Br)OC(=O)C(C)(C)[N+]21C,Brc1ccoc1Br,39.0,506.23581358,6.0,7.0,3.0,9.875999999999994,0.1111111111111111,23.0
A039B066C115,A039,B066,C115,CCn1c2ccccc2c2cc(C=Cc3cocc3C=Cc3ccc4c(c3)c3ccccc3n4CC)ccc21,CCn1c2ccccc2c2cc(B3OC(C)(C)C(C)(C)O3)ccc21,CC1(C)C(=O)O[B-]2(/C=C\Br)OC(=O)C(C)(C)[N+]21C,Brc1cocc1Br,39.0,506.23581358,6.0,7.0,3.0,9.875999999999994,0.1111111111111111,23.0
A031B037C025,A031,B037,C025,c1cn(-c2ccc(-c3ccc(-c4ccc(-c5ccc(-c6ccc(-n7ccnc7)cc6)cc5)s4)cc3)cc2)cn1,CC1(C)OB(c2ccc(-n3ccnc3)cc2)OC1(C)C,CC1(C)C(=O)O[B-]2(c3ccc(Br)cc3)OC(=O)C(C)(C)[N+]21C,Brc1ccc(Br)s1,39.0,520.1721677680001,6.0,7.0,5.0,8.787500000000001,0.0,35.64
A031B037C070,A031,B037,C070,c1cn(-c2ccc(-c3ccc(-c4ccsc4-c4ccc(-c5ccc(-n6ccnc6)cc5)cc4)cc3)cc2)cn1,CC1(C)OB(c2ccc(-n3ccnc3)cc2)OC1(C)C,CC1(C)C(=O)O[B-]2(c3ccc(Br)cc3)OC(=O)C(C)(C)[N+]21C,Brc1ccsc1Br,39.0,520.1721677680001,6.0,7.0,5.0,8.787500000000001,0.0,35.64
A031B037C078,A031,B037,C078,c1cn(-c2ccc(-c3ccc(-c4csc(-c5ccc(-c6ccc(-n7ccnc7)cc6)cc5)n4)cc3)cc2)cn1,CC1(C)OB(c2ccc(-n3ccnc3)cc2)OC1(C)C,CC1(C)C(=O)O[B-]2(c3ccc(Br)cc3)OC(=O)C(C)(C)[N+]21C,Brc1csc(Br)n1,39.0,521.1674167360001,6.0,7.0,6.0,8.182500000000006,0.0,48.53
A031B037C100,A031,B037,C100,c1cn(-c2ccc(-c3ccc(-c4cnc(-c5ccc(-c6ccc(-n7ccnc7)cc6)cc5)s4)cc3)cc2)cn1,CC1(C)OB(c2ccc(-n3ccnc3)cc2)OC1(C)C,CC1(C)C(=O)O[B-]2(c3ccc(Br)cc3)OC(=O)C(C)(C)[N+]21C,Brc1cnc(Br)s1,39.0,521.1674167360001,6.0,7.0,6.0,8.182500000000006,0.0,48.53
A031B037C080,A031,B037,C080,c1cn(-c2ccc(-c3ccc(-c4nnc(-c5ccc(-c6ccc(-n7ccnc7)cc6)cc5)s4)cc3)cc2)cn1,CC1(C)OB(c2ccc(-n3ccnc3)cc2)OC1(C)C,CC1(C)C(=O)O[B-]2(c3ccc(Br)cc3)OC(=O)C(C)(C)[N+]21C,Brc1nnc(Br)s1,39.0,522.1626657040001,6.0,7.0,7.0,7.577500000000007,0.0,61.42
A039B065C025,A039,B065,C025,CCn1c2ccccc2c2cc(C=Cc3ccc(C=Cc4ccc5c(c4)c4ccccc4n5CC)s3)ccc21,CCn1c2ccccc2c2cc(B3OC(C)(C)C(C)(C)O3)ccc21,CC1(C)C(=O)O[B-]2(/C=C/Br)OC(=O)C(C)(C)[N+]21C,Brc1ccc(Br)s1,39.0,522.21296996,6.0,7.0,3.0,10.344499999999991,0.1111111111111111,9.86
A039B065C070,A039,B065,C070,CCn1c2ccccc2c2cc(C=Cc3ccsc3C=Cc3ccc4c(c3)c3ccccc3n4CC)ccc21,CCn1c2ccccc2c2cc(B3OC(C)(C)C(C)(C)O3)ccc21,CC1(C)C(=O)O[B-]2(/C=C/Br)OC(=O)C(C)(C)[N+]21C,Brc1ccsc1Br,39.0,522.21296996,6.0,7.0,3.0,10.34449999999999,0.1111111111111111,9.86
A039B066C025,A039,B066,C025,CCn1c2ccccc2c2cc(C=Cc3ccc(C=Cc4ccc5c(c4)c4ccccc4n5CC)s3)ccc21,CCn1c2ccccc2c2cc(B3OC(C)(C)C(C)(C)O3)ccc21,CC1(C)C(=O)O[B-]2(/C=C\Br)OC(=O)C(C)(C)[N+]21C,Brc1ccc(Br)s1,39.0,522.21296996,6.0,7.0,3.0,10.344499999999991,0.1111111111111111,9.86
A039B066C070,A039,B066,C070,CCn1c2ccccc2c2cc(C=Cc3ccsc3C=Cc3ccc4c(c3)c3ccccc3n4CC)ccc21,CCn1c2ccccc2c2cc(B3OC(C)(C)C(C)(C)O3)ccc21,CC1(C)C(=O)O[B-]2(/C=C\Br)OC(=O)C(C)(C)[N+]21C,Brc1ccsc1Br,39.0,522.21296996,6.0,7.0,3.0,10.34449999999999,0.1111111111111111,9.86
A039B065C078,A039,B065,C078,CCn1c2ccccc2c2cc(C=Cc3csc(C=Cc4ccc5c(c4)c4ccccc4n5CC)n3)ccc21,CCn1c2ccccc2c2cc(B3OC(C)(C)C(C)(C)O3)ccc21,CC1(C)C(=O)O[B-]2(/C=C/Br)OC(=O)C(C)(C)[N+]21C,Brc1csc(Br)n1,39.0,523.2082189280001,6.0,7.0,4.0,9.739499999999994,0.11428571428571428,22.75
A039B065C100,A039,B065,C100,CCn1c2ccccc2c2cc(C=Cc3cnc(C=Cc4ccc5c(c4)c4ccccc4n5CC)s3)ccc21,CCn1c2ccccc2c2cc(B3OC(C)(C)C(C)(C)O3)ccc21,CC1(C)C(=O)O[B-]2(/C=C/Br)OC(=O)C(C)(C)[N+]21C,Brc1cnc(Br)s1,39.0,523.2082189280001,6.0,7.0,4.0,9.739499999999994,0.11428571428571428,22.75
A039B066C078,A039,B066,C078,CCn1c2ccccc2c2cc(C=Cc3csc(C=Cc4ccc5c(c4)c4ccccc4n5CC)n3)ccc21,CCn1c2ccccc2c2cc(B3OC(C)(C)C(C)(C)O3)ccc21,CC1(C)C(=O)O[B-]2(/C=C\Br)OC(=O)C(C)(C)[N+]21C,Brc1csc(Br)n1,39.0,523.2082189280001,6.0,7.0,4.0,9.739499999999994,0.11428571428571428,22.75
A039B066C100,A039,B066,C100,CCn1c2ccccc2c2cc(C=Cc3cnc(C=Cc4ccc5c(c4)c4ccccc4n5CC)s3)ccc21,CCn1c2ccccc2c2cc(B3OC(C)(C)C(C)(C)O3)ccc21,CC1(C)C(=O)O[B-]2(/C=C\Br)OC(=O)C(C)(C)[N+]21C,Brc1cnc(Br)s1,39.0,523.2082189280001,6.0,7.0,4.0,9.739499999999994,0.11428571428571428,22.75
A039B065C080,A039,B065,C080,CCn1c2ccccc2c2cc(C=Cc3nnc(C=Cc4ccc5c(c4)c4ccccc4n5CC)s3)ccc21,CCn1c2ccccc2c2cc(B3OC(C)(C)C(C)(C)O3)ccc21,CC1(C)C(=O)O[B-]2(/C=C/Br)OC(=O)C(C)(C)[N+]21C,Brc1nnc(Br)s1,39.0,524.203467896,6.0,7.0,5.0,9.1345,0.11764705882352941,35.64
A039B066C080,A039,B066,C080,CCn1c2ccccc2c2cc(C=Cc3nnc(C=Cc4ccc5c(c4)c4ccccc4n5CC)s3)ccc21,CCn1c2ccccc2c2cc(B3OC(C)(C)C(C)(C)O3)ccc21,CC1(C)C(=O)O[B-]2(/C=C\Br)OC(=O)C(C)(C)[N+]21C,Brc1nnc(Br)s1,39.0,524.203467896,6.0,7.0,5.0,9.1345,0.11764705882352941,35.64
A031B037C036,A031,B037,C036,c1cc(-c2ccc(-c3ccc(-n4ccnc4)cc3)cc2)cc(-c2ccc(-c3ccc(-n4ccnc4)cc3)cc2)c1,CC1(C)OB(c2ccc(-n3ccnc3)cc2)OC1(C)C,CC1(C)C(=O)O[B-]2(c3ccc(Br)cc3)OC(=O)C(C)(C)[N+]21C,Brc1cccc(Br)c1,40.0,514.215746832,6.0,7.0,4.0,8.726000000000003,0.0,35.64
A031B037C041,A031,B037,C041,c1cc(-c2ccc(-c3ccc(-n4ccnc4)cc3)cc2)nc(-c2ccc(-c3ccc(-n4ccnc4)cc3)cc2)c1,CC1(C)OB(c2ccc(-n3ccnc3)cc2)OC1(C)C,CC1(C)C(=O)O[B-]2(c3ccc(Br)cc3)OC(=O)C(C)(C)[N+]21C,Brc1cccc(Br)n1,40.0,515.2109958000001,6.0,7.0,5.0,8.121000000000008,0.0,48.53
A039B065C036,A039,B065,C036,CCn1c2ccccc2c2cc(C=Cc3cccc(C=Cc4ccc5c(c4)c4ccccc4n5CC)c3)ccc21,CCn1c2ccccc2c2cc(B3OC(C)(C)C(C)(C)O3)ccc21,CC1(C)C(=O)O[B-]2(/C=C/Br)OC(=O)C(C)(C)[N+]21C,Brc1cccc(Br)c1,40.0,516.256549024,6.0,7.0,2.0,10.28299999999999,0.10526315789473684,9.86
A039B066C036,A039,B066,C036,CCn1c2ccccc2c2cc(C=Cc3cccc(C=Cc4ccc5c(c4)c4ccccc4n5CC)c3)ccc21,CCn1c2ccccc2c2cc(B3OC(C)(C)C(C)(C)O3)ccc21,CC1(C)C(=O)O[B-]2(/C=C\Br)OC(=O)C(C)(C)[N+]21C,Brc1cccc(Br)c1,40.0,516.256549024,6.0,7.0,2.0,10.28299999999999,0.10526315789473684,9.86
A039B065C041,A039,B065,C041,CCn1c2ccccc2c2cc(C=Cc3cccc(C=Cc4ccc5c(c4)c4ccccc4n5CC)n3)ccc21,CCn1c2ccccc2c2cc(B3OC(C)(C)C(C)(C)O3)ccc21,CC1(C)C(=O)O[B-]2(/C=C/Br)OC(=O)C(C)(C)[N+]21C,Brc1cccc(Br)n1,40.0,517.251797992,6.0,7.0,3.0,9.677999999999995,0.10810810810810811,22.75
A039B066C041,A039,B066,C041,CCn1c2ccccc2c2cc(C=Cc3cccc(C=Cc4ccc5c(c4)c4ccccc4n5CC)n3)ccc21,CCn1c2ccccc2c2cc(B3OC(C)(C)C(C)(C)O3)ccc21,CC1(C)C(=O)O[B-]2(/C=C\Br)OC(=O)C(C)(C)[N+]21C,Brc1cccc(Br)n1,40.0,517.251797992,6.0,7.0,3.0,9.677999999999995,0.10810810810810811,22.75
A015B067C094,A015,B067,C094,CN(C)c1ccc(-c2cc(-c3ccc(-c4cc(-c5ccc(N(C)C)c6ccccc56)no4)o3)on2)c2ccccc12,CN(C)c1ccc(B2OC(C)(C)C(C)(C)O2)c2ccccc12,CC1(C)C(=O)O[B-]2(c3cc(Br)no3)OC(=O)C(C)(C)[N+]21C,Brc1ccc(Br)o1,41.0,540.216140756,6.0,7.0,7.0,8.362000000000004,0.11764705882352941,71.68
A015B067C069,A015,B067,C069,CN(C)c1ccc(-c2cc(-c3ccoc3-c3cc(-c4ccc(N(C)C)c5ccccc45)no3)on2)c2ccccc12,CN(C)c1ccc(B2OC(C)(C)C(C)(C)O2)c2ccccc12,CC1(C)C(=O)O[B-]2(c3cc(Br)no3)OC(=O)C(C)(C)[N+]21C,Brc1ccoc1Br,41.0,540.2161407560001,6.0,7.0,7.0,8.362000000000004,0.11764705882352941,71.68
A015B067C115,A015,B067,C115,CN(C)c1ccc(-c2cc(-c3cocc3-c3cc(-c4ccc(N(C)C)c5ccccc45)no3)on2)c2ccccc12,CN(C)c1ccc(B2OC(C)(C)C(C)(C)O2)c2ccccc12,CC1(C)C(=O)O[B-]2(c3cc(Br)no3)OC(=O)C(C)(C)[N+]21C,Brc1cocc1Br,41.0,540.2161407560001,6.0,7.0,7.0,8.362000000000004,0.11764705882352941,71.68
A015B067C025,A015,B067,C025,CN(C)c1ccc(-c2cc(-c3ccc(-c4cc(-c5ccc(N(C)C)c6ccccc56)no4)s3)on2)c2ccccc12,CN(C)c1ccc(B2OC(C)(C)C(C)(C)O2)c2ccccc12,CC1(C)C(=O)O[B-]2(c3cc(Br)no3)OC(=O)C(C)(C)[N+]21C,Brc1ccc(Br)s1,41.0,556.193297136,6.0,7.0,7.0,8.8305,0.11764705882352941,58.540000000000006
A015B067C070,A015,B067,C070,CN(C)c1ccc(-c2cc(-c3ccsc3-c3cc(-c4ccc(N(C)C)c5ccccc45)no3)on2)c2ccccc12,CN(C)c1ccc(B2OC(C)(C)C(C)(C)O2)c2ccccc12,CC1(C)C(=O)O[B-]2(c3cc(Br)no3)OC(=O)C(C)(C)[N+]21C,Brc1ccsc1Br,41.0,556.1932971360001,6.0,7.0,7.0,8.8305,0.11764705882352941,58.540000000000006
A015B067C078,A015,B067,C078,CN(C)c1ccc(-c2cc(-c3csc(-c4cc(-c5ccc(N(C)C)c6ccccc56)no4)n3)on2)c2ccccc12,CN(C)c1ccc(B2OC(C)(C)C(C)(C)O2)c2ccccc12,CC1(C)C(=O)O[B-]2(c3cc(Br)no3)OC(=O)C(C)(C)[N+]21C,Brc1csc(Br)n1,41.0,557.188546104,6.0,7.0,8.0,8.225500000000004,0.12121212121212122,71.43
A015B067C100,A015,B067,C100,CN(C)c1ccc(-c2cc(-c3cnc(-c4cc(-c5ccc(N(C)C)c6ccccc56)no4)s3)on2)c2ccccc12,CN(C)c1ccc(B2OC(C)(C)C(C)(C)O2)c2ccccc12,CC1(C)C(=O)O[B-]2(c3cc(Br)no3)OC(=O)C(C)(C)[N+]21C,Brc1cnc(Br)s1,41.0,557.188546104,6.0,7.0,8.0,8.225500000000006,0.12121212121212122,71.43
A015B067C080,A015,B067,C080,CN(C)c1ccc(-c2cc(-c3nnc(-c4cc(-c5ccc(N(C)C)c6ccccc56)no4)s3)on2)c2ccccc12,CN(C)c1ccc(B2OC(C)(C)C(C)(C)O2)c2ccccc12,CC1(C)C(=O)O[B-]2(c3cc(Br)no3)OC(=O)C(C)(C)[N+]21C,Brc1nnc(Br)s1,41.0,558.1837950720001,6.0,7.0,9.0,7.620500000000005,0.125,84.32000000000001
A015B056C094,A015,B056,C094,CN(C)c1ccc(-c2ccc(-c3ccc(-c4ccc(-c5ccc(N(C)C)c6ccccc56)s4)o3)s2)c2ccccc12,CN(C)c1ccc(B2OC(C)(C)C(C)(C)O2)c2ccccc12,CC1(C)C(=O)O[B-]2(c3ccc(Br)s3)OC(=O)C(C)(C)[N+]21C,Brc1ccc(Br)o1,41.0,570.17995558,6.0,7.0,5.0,10.50899999999999,0.1111111111111111,19.62
A015B056C069,A015,B056,C069,CN(C)c1ccc(-c2ccc(-c3ccoc3-c3ccc(-c4ccc(N(C)C)c5ccccc45)s3)s2)c2ccccc12,CN(C)c1ccc(B2OC(C)(C)C(C)(C)O2)c2ccccc12,CC1(C)C(=O)O[B-]2(c3ccc(Br)s3)OC(=O)C(C)(C)[N+]21C,Brc1ccoc1Br,41.0,570.1799555800001,6.0,7.0,5.0,10.50899999999999,0.1111111111111111,19.620000000000005
A015B056C115,A015,B056,C115,CN(C)c1ccc(-c2ccc(-c3cocc3-c3ccc(-c4ccc(N(C)C)c5ccccc45)s3)s2)c2ccccc12,CN(C)c1ccc(B2OC(C)(C)C(C)(C)O2)c2ccccc12,CC1(C)C(=O)O[B-]2(c3ccc(Br)s3)OC(=O)C(C)(C)[N+]21C,Brc1cocc1Br,41.0,570.1799555800001,6.0,7.0,5.0,10.50899999999999,0.1111111111111111,19.620000000000005
A015B057C069,A015,B057,C069,CN(C)c1ccc(-c2cscc2-c2ccoc2-c2cscc2-c2ccc(N(C)C)c3ccccc23)c2ccccc12,CN(C)c1ccc(B2OC(C)(C)C(C)(C)O2)c2ccccc12,CC1(C)C(=O)O[B-]2(c3cscc3Br)OC(=O)C(C)(C)[N+]21C,Brc1ccoc1Br,41.0,570.1799555800001,6.0,7.0,5.0,10.508999999999988,0.1111111111111111,19.620000000000005
A015B057C094,A015,B057,C094,CN(C)c1ccc(-c2cscc2-c2ccc(-c3cscc3-c3ccc(N(C)C)c4ccccc34)o2)c2ccccc12,CN(C)c1ccc(B2OC(C)(C)C(C)(C)O2)c2ccccc12,CC1(C)C(=O)O[B-]2(c3cscc3Br)OC(=O)C(C)(C)[N+]21C,Brc1ccc(Br)o1,41.0,570.1799555800001,6.0,7.0,5.0,10.508999999999988,0.1111111111111111,19.62
A015B057C115,A015,B057,C115,CN(C)c1ccc(-c2cscc2-c2cocc2-c2cscc2-c2ccc(N(C)C)c3ccccc23)c2ccccc12,CN(C)c1ccc(B2OC(C)(C)C(C)(C)O2)c2ccccc12,CC1(C)C(=O)O[B-]2(c3cscc3Br)OC(=O)C(C)(C)[N+]21C,Brc1cocc1Br,41.0,570.1799555800001,6.0,7.0,5.0,10.508999999999988,0.1111111111111111,19.620000000000005
A015B056C025,A015,B056,C025,CN(C)c1ccc(-c2ccc(-c3ccc(-c4ccc(-c5ccc(N(C)C)c6ccccc56)s4)s3)s2)c2ccccc12,CN(C)c1ccc(B2OC(C)(C)C(C)(C)O2)c2ccccc12,CC1(C)C(=O)O[B-]2(c3ccc(Br)s3)OC(=O)C(C)(C)[N+]21C,Brc1ccc(Br)s1,41.0,586.1571119600001,6.0,7.0,5.0,10.977499999999987,0.1111111111111111,6.48
A015B056C070,A015,B056,C070,CN(C)c1ccc(-c2ccc(-c3ccsc3-c3ccc(-c4ccc(N(C)C)c5ccccc45)s3)s2)c2ccccc12,CN(C)c1ccc(B2OC(C)(C)C(C)(C)O2)c2ccccc12,CC1(C)C(=O)O[B-]2(c3ccc(Br)s3)OC(=O)C(C)(C)[N+]21C,Brc1ccsc1Br,41.0,586.1571119600001,6.0,7.0,5.0,10.977499999999985,0.1111111111111111,6.48
A015B057C025,A015,B057,C025,CN(C)c1ccc(-c2cscc2-c2ccc(-c3cscc3-c3ccc(N(C)C)c4ccccc34)s2)c2ccccc12,CN(C)c1ccc(B2OC(C)(C)C(C)(C)O2)c2ccccc12,CC1(C)C(=O)O[B-]2(c3cscc3Br)OC(=O)C(C)(C)[N+]21C,Brc1ccc(Br)s1,41.0,586.1571119600001,6.0,7.0,5.0,10.977499999999985,0.1111111111111111,6.48
A015B057C070,A015,B057,C070,CN(C)c1ccc(-c2cscc2-c2ccsc2-c2cscc2-c2ccc(N(C)C)c3ccccc23)c2ccccc12,CN(C)c1ccc(B2OC(C)(C)C(C)(C)O2)c2ccccc12,CC1(C)C(=O)O[B-]2(c3cscc3Br)OC(=O)C(C)(C)[N+]21C,Brc1ccsc1Br,41.0,586.1571119600002,6.0,7.0,5.0,10.977499999999985,0.1111111111111111,6.48
A015B056C078,A015,B056,C078,CN(C)c1ccc(-c2ccc(-c3csc(-c4ccc(-c5ccc(N(C)C)c6ccccc56)s4)n3)s2)c2ccccc12,CN(C)c1ccc(B2OC(C)(C)C(C)(C)O2)c2ccccc12,CC1(C)C(=O)O[B-]2(c3ccc(Br)s3)OC(=O)C(C)(C)[N+]21C,Brc1csc(Br)n1,41.0,587.152360928,6.0,7.0,6.0,10.37249999999999,0.11428571428571428,19.37
A015B057C100,A015,B057,C100,CN(C)c1ccc(-c2cscc2-c2cnc(-c3cscc3-c3ccc(N(C)C)c4ccccc34)s2)c2ccccc12,CN(C)c1ccc(B2OC(C)(C)C(C)(C)O2)c2ccccc12,CC1(C)C(=O)O[B-]2(c3cscc3Br)OC(=O)C(C)(C)[N+]21C,Brc1cnc(Br)s1,41.0,587.152360928,6.0,7.0,6.0,10.37249999999999,0.11428571428571428,19.370000000000005
A015B056C100,A015,B056,C100,CN(C)c1ccc(-c2ccc(-c3cnc(-c4ccc(-c5ccc(N(C)C)c6ccccc56)s4)s3)s2)c2ccccc12,CN(C)c1ccc(B2OC(C)(C)C(C)(C)O2)c2ccccc12,CC1(C)C(=O)O[B-]2(c3ccc(Br)s3)OC(=O)C(C)(C)[N+]21C,Brc1cnc(Br)s1,41.0,587.1523609280001,6.0,7.0,6.0,10.37249999999999,0.11428571428571428,19.370000000000005
A015B057C078,A015,B057,C078,CN(C)c1ccc(-c2cscc2-c2csc(-c3cscc3-c3ccc(N(C)C)c4ccccc34)n2)c2ccccc12,CN(C)c1ccc(B2OC(C)(C)C(C)(C)O2)c2ccccc12,CC1(C)C(=O)O[B-]2(c3cscc3Br)OC(=O)C(C)(C)[N+]21C,Brc1csc(Br)n1,41.0,587.1523609280001,6.0,7.0,6.0,10.37249999999999,0.11428571428571428,19.37
A015B057C080,A015,B057,C080,CN(C)c1ccc(-c2cscc2-c2nnc(-c3cscc3-c3ccc(N(C)C)c4ccccc34)s2)c2ccccc12,CN(C)c1ccc(B2OC(C)(C)C(C)(C)O2)c2ccccc12,CC1(C)C(=O)O[B-]2(c3cscc3Br)OC(=O)C(C)(C)[N+]21C,Brc1nnc(Br)s1,41.0,588.147609896,6.0,7.0,7.0,9.767499999999993,0.11764705882352941,32.260000000000005
A015B056C080,A015,B056,C080,CN(C)c1ccc(-c2ccc(-c3nnc(-c4ccc(-c5ccc(N(C)C)c6ccccc56)s4)s3)s2)c2ccccc12,CN(C)c1ccc(B2OC(C)(C)C(C)(C)O2)c2ccccc12,CC1(C)C(=O)O[B-]2(c3ccc(Br)s3)OC(=O)C(C)(C)[N+]21C,Brc1nnc(Br)s1,41.0,588.1476098960001,6.0,7.0,7.0,9.767499999999993,0.11764705882352941,32.260000000000005
A015B067C036,A015,B067,C036,CN(C)c1ccc(-c2cc(-c3cccc(-c4cc(-c5ccc(N(C)C)c6ccccc56)no4)c3)on2)c2ccccc12,CN(C)c1ccc(B2OC(C)(C)C(C)(C)O2)c2ccccc12,CC1(C)C(=O)O[B-]2(c3cc(Br)no3)OC(=O)C(C)(C)[N+]21C,Brc1cccc(Br)c1,42.0,550.2368762,6.0,7.0,6.0,8.769000000000002,0.1111111111111111,58.540000000000006
A015B067C041,A015,B067,C041,CN(C)c1ccc(-c2cc(-c3cccc(-c4cc(-c5ccc(N(C)C)c6ccccc56)no4)n3)on2)c2ccccc12,CN(C)c1ccc(B2OC(C)(C)C(C)(C)O2)c2ccccc12,CC1(C)C(=O)O[B-]2(c3cc(Br)no3)OC(=O)C(C)(C)[N+]21C,Brc1cccc(Br)n1,42.0,551.232125168,6.0,7.0,7.0,8.164000000000005,0.11428571428571428,71.43
A015B056C036,A015,B056,C036,CN(C)c1ccc(-c2ccc(-c3cccc(-c4ccc(-c5ccc(N(C)C)c6ccccc56)s4)c3)s2)c2ccccc12,CN(C)c1ccc(B2OC(C)(C)C(C)(C)O2)c2ccccc12,CC1(C)C(=O)O[B-]2(c3ccc(Br)s3)OC(=O)C(C)(C)[N+]21C,Brc1cccc(Br)c1,42.0,580.200691024,6.0,7.0,4.0,10.915999999999986,0.10526315789473684,6.48
A015B057C036,A015,B057,C036,CN(C)c1ccc(-c2cscc2-c2cccc(-c3cscc3-c3ccc(N(C)C)c4ccccc34)c2)c2ccccc12,CN(C)c1ccc(B2OC(C)(C)C(C)(C)O2)c2ccccc12,CC1(C)C(=O)O[B-]2(c3cscc3Br)OC(=O)C(C)(C)[N+]21C,Brc1cccc(Br)c1,42.0,580.200691024,6.0,7.0,4.0,10.915999999999986,0.10526315789473684,6.48
A015B056C041,A015,B056,C041,CN(C)c1ccc(-c2ccc(-c3cccc(-c4ccc(-c5ccc(N(C)C)c6ccccc56)s4)n3)s2)c2ccccc12,CN(C)c1ccc(B2OC(C)(C)C(C)(C)O2)c2ccccc12,CC1(C)C(=O)O[B-]2(c3ccc(Br)s3)OC(=O)C(C)(C)[N+]21C,Brc1cccc(Br)n1,42.0,581.1959399919999,6.0,7.0,5.0,10.310999999999991,0.10810810810810811,19.37
A015B057C041,A015,B057,C041,CN(C)c1ccc(-c2cscc2-c2cccc(-c3cscc3-c3ccc(N(C)C)c4ccccc34)n2)c2ccccc12,CN(C)c1ccc(B2OC(C)(C)C(C)(C)O2)c2ccccc12,CC1(C)C(=O)O[B-]2(c3cscc3Br)OC(=O)C(C)(C)[N+]21C,Brc1cccc(Br)n1,42.0,581.195939992,6.0,7.0,5.0,10.310999999999991,0.10810810810810811,19.37
A015B037C094,A015,B037,C094,CN(C)c1ccc(-c2ccc(-c3ccc(-c4ccc(-c5ccc(N(C)C)c6ccccc56)cc4)o3)cc2)c2ccccc12,CN(C)c1ccc(B2OC(C)(C)C(C)(C)O2)c2ccccc12,CC1(C)C(=O)O[B-]2(c3ccc(Br)cc3)OC(=O)C(C)(C)[N+]21C,Brc1ccc(Br)o1,43.0,558.267113708,6.0,7.0,3.0,10.385999999999992,0.1,19.62
A015B037C069,A015,B037,C069,CN(C)c1ccc(-c2ccc(-c3ccoc3-c3ccc(-c4ccc(N(C)C)c5ccccc45)cc3)cc2)c2ccccc12,CN(C)c1ccc(B2OC(C)(C)C(C)(C)O2)c2ccccc12,CC1(C)C(=O)O[B-]2(c3ccc(Br)cc3)OC(=O)C(C)(C)[N+]21C,Brc1ccoc1Br,43.0,558.2671137080001,6.0,7.0,3.0,10.38599999999999,0.1,19.620000000000005
A015B037C115,A015,B037,C115,CN(C)c1ccc(-c2ccc(-c3cocc3-c3ccc(-c4ccc(N(C)C)c5ccccc45)cc3)cc2)c2ccccc12,CN(C)c1ccc(B2OC(C)(C)C(C)(C)O2)c2ccccc12,CC1(C)C(=O)O[B-]2(c3ccc(Br)cc3)OC(=O)C(C)(C)[N+]21C,Brc1cocc1Br,43.0,558.2671137080001,6.0,7.0,3.0,10.38599999999999,0.1,19.620000000000005
A015B037C025,A015,B037,C025,CN(C)c1ccc(-c2ccc(-c3ccc(-c4ccc(-c5ccc(N(C)C)c6ccccc56)cc4)s3)cc2)c2ccccc12,CN(C)c1ccc(B2OC(C)(C)C(C)(C)O2)c2ccccc12,CC1(C)C(=O)O[B-]2(c3ccc(Br)cc3)OC(=O)C(C)(C)[N+]21C,Brc1ccc(Br)s1,43.0,574.244270088,6.0,7.0,3.0,10.85449999999999,0.1,6.48
A015B037C070,A015,B037,C070,CN(C)c1ccc(-c2ccc(-c3ccsc3-c3ccc(-c4ccc(N(C)C)c5ccccc45)cc3)cc2)c2ccccc12,CN(C)c1ccc(B2OC(C)(C)C(C)(C)O2)c2ccccc12,CC1(C)C(=O)O[B-]2(c3ccc(Br)cc3)OC(=O)C(C)(C)[N+]21C,Brc1ccsc1Br,43.0,574.2442700880001,6.0,7.0,3.0,10.854499999999987,0.1,6.48
A015B037C078,A015,B037,C078,CN(C)c1ccc(-c2ccc(-c3csc(-c4ccc(-c5ccc(N(C)C)c6ccccc56)cc4)n3)cc2)c2ccccc12,CN(C)c1ccc(B2OC(C)(C)C(C)(C)O2)c2ccccc12,CC1(C)C(=O)O[B-]2(c3ccc(Br)cc3)OC(=O)C(C)(C)[N+]21C,Brc1csc(Br)n1,43.0,575.2395190560001,6.0,7.0,4.0,10.24949999999999,0.10256410256410256,19.37
A015B037C100,A015,B037,C100,CN(C)c1ccc(-c2ccc(-c3cnc(-c4ccc(-c5ccc(N(C)C)c6ccccc56)cc4)s3)cc2)c2ccccc12,CN(C)c1ccc(B2OC(C)(C)C(C)(C)O2)c2ccccc12,CC1(C)C(=O)O[B-]2(c3ccc(Br)cc3)OC(=O)C(C)(C)[N+]21C,Brc1cnc(Br)s1,43.0,575.2395190560001,6.0,7.0,4.0,10.249499999999992,0.10256410256410256,19.370000000000005
A015B037C080,A015,B037,C080,CN(C)c1ccc(-c2ccc(-c3nnc(-c4ccc(-c5ccc(N(C)C)c6ccccc56)cc4)s3)cc2)c2ccccc12,CN(C)c1ccc(B2OC(C)(C)C(C)(C)O2)c2ccccc12,CC1(C)C(=O)O[B-]2(c3ccc(Br)cc3)OC(=O)C(C)(C)[N+]21C,Brc1nnc(Br)s1,43.0,576.234768024,6.0,7.0,5.0,9.644499999999995,0.10526315789473684,32.260000000000005
A015B037C036,A015,B037,C036,CN(C)c1ccc(-c2ccc(-c3cccc(-c4ccc(-c5ccc(N(C)C)c6ccccc56)cc4)c3)cc2)c2ccccc12,CN(C)c1ccc(B2OC(C)(C)C(C)(C)O2)c2ccccc12,CC1(C)C(=O)O[B-]2(c3ccc(Br)cc3)OC(=O)C(C)(C)[N+]21C,Brc1cccc(Br)c1,44.0,568.2878491519999,6.0,7.0,2.0,10.792999999999989,0.09523809523809523,6.48
A015B037C041,A015,B037,C041,CN(C)c1ccc(-c2ccc(-c3cccc(-c4ccc(-c5ccc(N(C)C)c6ccccc56)cc4)n3)cc2)c2ccccc12,CN(C)c1ccc(B2OC(C)(C)C(C)(C)O2)c2ccccc12,CC1(C)C(=O)O[B-]2(c3ccc(Br)cc3)OC(=O)C(C)(C)[N+]21C,Brc1cccc(Br)n1,44.0,569.28309812,6.0,7.0,3.0,10.187999999999992,0.0975609756097561,19.37
A039B067C069,A039,B067,C069,CCn1c2ccccc2c2cc(-c3cc(-c4ccoc4-c4cc(-c5ccc6c(c5)c5ccccc5n6CC)no4)on3)ccc21,CCn1c2ccccc2c2cc(B3OC(C)(C)C(C)(C)O3)ccc21,CC1(C)C(=O)O[B-]2(c3cc(Br)no3)OC(=O)C(C)(C)[N+]21C,Brc1ccoc1Br,45.0,588.216140756,6.0,9.0,7.0,10.179199999999991,0.10526315789473684,75.06
A039B067C094,A039,B067,C094,CCn1c2ccccc2c2cc(-c3cc(-c4ccc(-c5cc(-c6ccc7c(c6)c6ccccc6n7CC)no5)o4)on3)ccc21,CCn1c2ccccc2c2cc(B3OC(C)(C)C(C)(C)O3)ccc21,CC1(C)C(=O)O[B-]2(c3cc(Br)no3)OC(=O)C(C)(C)[N+]21C,Brc1ccc(Br)o1,45.0,588.216140756,6.0,9.0,7.0,10.179199999999991,0.10526315789473684,75.06
A039B067C115,A039,B067,C115,CCn1c2ccccc2c2cc(-c3cc(-c4cocc4-c4cc(-c5ccc6c(c5)c5ccccc5n6CC)no4)on3)ccc21,CCn1c2ccccc2c2cc(B3OC(C)(C)C(C)(C)O3)ccc21,CC1(C)C(=O)O[B-]2(c3cc(Br)no3)OC(=O)C(C)(C)[N+]21C,Brc1cocc1Br,45.0,588.216140756,6.0,9.0,7.0,10.179199999999991,0.10526315789473684,75.06
A039B067C025,A039,B067,C025,CCn1c2ccccc2c2cc(-c3cc(-c4ccc(-c5cc(-c6ccc7c(c6)c6ccccc6n7CC)no5)s4)on3)ccc21,CCn1c2ccccc2c2cc(B3OC(C)(C)C(C)(C)O3)ccc21,CC1(C)C(=O)O[B-]2(c3cc(Br)no3)OC(=O)C(C)(C)[N+]21C,Brc1ccc(Br)s1,45.0,604.193297136,6.0,9.0,7.0,10.647699999999988,0.10526315789473684,61.92
A039B067C070,A039,B067,C070,CCn1c2ccccc2c2cc(-c3cc(-c4ccsc4-c4cc(-c5ccc6c(c5)c5ccccc5n6CC)no4)on3)ccc21,CCn1c2ccccc2c2cc(B3OC(C)(C)C(C)(C)O3)ccc21,CC1(C)C(=O)O[B-]2(c3cc(Br)no3)OC(=O)C(C)(C)[N+]21C,Brc1ccsc1Br,45.0,604.193297136,6.0,9.0,7.0,10.647699999999986,0.10526315789473684,61.92
A039B067C078,A039,B067,C078,CCn1c2ccccc2c2cc(-c3cc(-c4csc(-c5cc(-c6ccc7c(c6)c6ccccc6n7CC)no5)n4)on3)ccc21,CCn1c2ccccc2c2cc(B3OC(C)(C)C(C)(C)O3)ccc21,CC1(C)C(=O)O[B-]2(c3cc(Br)no3)OC(=O)C(C)(C)[N+]21C,Brc1csc(Br)n1,45.0,605.188546104,6.0,9.0,8.0,10.042699999999991,0.10810810810810811,74.81
A039B067C100,A039,B067,C100,CCn1c2ccccc2c2cc(-c3cc(-c4cnc(-c5cc(-c6ccc7c(c6)c6ccccc6n7CC)no5)s4)on3)ccc21,CCn1c2ccccc2c2cc(B3OC(C)(C)C(C)(C)O3)ccc21,CC1(C)C(=O)O[B-]2(c3cc(Br)no3)OC(=O)C(C)(C)[N+]21C,Brc1cnc(Br)s1,45.0,605.188546104,6.0,9.0,8.0,10.042699999999991,0.10810810810810811,74.81
A039B067C080,A039,B067,C080,CCn1c2ccccc2c2cc(-c3cc(-c4nnc(-c5cc(-c6ccc7c(c6)c6ccccc6n7CC)no5)s4)on3)ccc21,CCn1c2ccccc2c2cc(B3OC(C)(C)C(C)(C)O3)ccc21,CC1(C)C(=O)O[B-]2(c3cc(Br)no3)OC(=O)C(C)(C)[N+]21C,Brc1nnc(Br)s1,45.0,606.1837950720001,6.0,9.0,9.0,9.437699999999996,0.1111111111111111,87.7
A039B057C069,A039,B057,C069,CCn1c2ccccc2c2cc(-c3cscc3-c3ccoc3-c3cscc3-c3ccc4c(c3)c3ccccc3n4CC)ccc21,CCn1c2ccccc2c2cc(B3OC(C)(C)C(C)(C)O3)ccc21,CC1(C)C(=O)O[B-]2(c3cscc3Br)OC(=O)C(C)(C)[N+]21C,Brc1ccoc1Br,45.0,618.17995558,6.0,9.0,5.0,12.326199999999982,0.1,23.0
A039B057C115,A039,B057,C115,CCn1c2ccccc2c2cc(-c3cscc3-c3cocc3-c3cscc3-c3ccc4c(c3)c3ccccc3n4CC)ccc21,CCn1c2ccccc2c2cc(B3OC(C)(C)C(C)(C)O3)ccc21,CC1(C)C(=O)O[B-]2(c3cscc3Br)OC(=O)C(C)(C)[N+]21C,Brc1cocc1Br,45.0,618.17995558,6.0,9.0,5.0,12.326199999999982,0.1,23.0
A039B056C069,A039,B056,C069,CCn1c2ccccc2c2cc(-c3ccc(-c4ccoc4-c4ccc(-c5ccc6c(c5)c5ccccc5n6CC)s4)s3)ccc21,CCn1c2ccccc2c2cc(B3OC(C)(C)C(C)(C)O3)ccc21,CC1(C)C(=O)O[B-]2(c3ccc(Br)s3)OC(=O)C(C)(C)[N+]21C,Brc1ccoc1Br,45.0,618.1799555800001,6.0,9.0,5.0,12.32619999999998,0.1,23.0
A039B056C094,A039,B056,C094,CCn1c2ccccc2c2cc(-c3ccc(-c4ccc(-c5ccc(-c6ccc7c(c6)c6ccccc6n7CC)s5)o4)s3)ccc21,CCn1c2ccccc2c2cc(B3OC(C)(C)C(C)(C)O3)ccc21,CC1(C)C(=O)O[B-]2(c3ccc(Br)s3)OC(=O)C(C)(C)[N+]21C,Brc1ccc(Br)o1,45.0,618.1799555800001,6.0,9.0,5.0,12.32619999999998,0.1,23.0
A039B056C115,A039,B056,C115,CCn1c2ccccc2c2cc(-c3ccc(-c4cocc4-c4ccc(-c5ccc6c(c5)c5ccccc5n6CC)s4)s3)ccc21,CCn1c2ccccc2c2cc(B3OC(C)(C)C(C)(C)O3)ccc21,CC1(C)C(=O)O[B-]2(c3ccc(Br)s3)OC(=O)C(C)(C)[N+]21C,Brc1cocc1Br,45.0,618.1799555800001,6.0,9.0,5.0,12.32619999999998,0.1,23.0
A039B057C094,A039,B057,C094,CCn1c2ccccc2c2cc(-c3cscc3-c3ccc(-c4cscc4-c4ccc5c(c4)c4ccccc4n5CC)o3)ccc21,CCn1c2ccccc2c2cc(B3OC(C)(C)C(C)(C)O3)ccc21,CC1(C)C(=O)O[B-]2(c3cscc3Br)OC(=O)C(C)(C)[N+]21C,Brc1ccc(Br)o1,45.0,618.1799555800001,6.0,9.0,5.0,12.32619999999998,0.1,23.0
A039B056C025,A039,B056,C025,CCn1c2ccccc2c2cc(-c3ccc(-c4ccc(-c5ccc(-c6ccc7c(c6)c6ccccc6n7CC)s5)s4)s3)ccc21,CCn1c2ccccc2c2cc(B3OC(C)(C)C(C)(C)O3)ccc21,CC1(C)C(=O)O[B-]2(c3ccc(Br)s3)OC(=O)C(C)(C)[N+]21C,Brc1ccc(Br)s1,45.0,634.1571119600001,6.0,9.0,5.0,12.794699999999981,0.1,9.86
A039B056C070,A039,B056,C070,CCn1c2ccccc2c2cc(-c3ccc(-c4ccsc4-c4ccc(-c5ccc6c(c5)c5ccccc5n6CC)s4)s3)ccc21,CCn1c2ccccc2c2cc(B3OC(C)(C)C(C)(C)O3)ccc21,CC1(C)C(=O)O[B-]2(c3ccc(Br)s3)OC(=O)C(C)(C)[N+]21C,Brc1ccsc1Br,45.0,634.1571119600001,6.0,9.0,5.0,12.79469999999998,0.1,9.86
A039B057C025,A039,B057,C025,CCn1c2ccccc2c2cc(-c3cscc3-c3ccc(-c4cscc4-c4ccc5c(c4)c4ccccc4n5CC)s3)ccc21,CCn1c2ccccc2c2cc(B3OC(C)(C)C(C)(C)O3)ccc21,CC1(C)C(=O)O[B-]2(c3cscc3Br)OC(=O)C(C)(C)[N+]21C,Brc1ccc(Br)s1,45.0,634.1571119600001,6.0,9.0,5.0,12.794699999999981,0.1,9.86
A039B057C070,A039,B057,C070,CCn1c2ccccc2c2cc(-c3cscc3-c3ccsc3-c3cscc3-c3ccc4c(c3)c3ccccc3n4CC)ccc21,CCn1c2ccccc2c2cc(B3OC(C)(C)C(C)(C)O3)ccc21,CC1(C)C(=O)O[B-]2(c3cscc3Br)OC(=O)C(C)(C)[N+]21C,Brc1ccsc1Br,45.0,634.1571119600001,6.0,9.0,5.0,12.794699999999978,0.1,9.86
A039B056C078,A039,B056,C078,CCn1c2ccccc2c2cc(-c3ccc(-c4csc(-c5ccc(-c6ccc7c(c6)c6ccccc6n7CC)s5)n4)s3)ccc21,CCn1c2ccccc2c2cc(B3OC(C)(C)C(C)(C)O3)ccc21,CC1(C)C(=O)O[B-]2(c3ccc(Br)s3)OC(=O)C(C)(C)[N+]21C,Brc1csc(Br)n1,45.0,635.152360928,6.0,9.0,6.0,12.18969999999998,0.10256410256410256,22.75
A039B057C078,A039,B057,C078,CCn1c2ccccc2c2cc(-c3cscc3-c3csc(-c4cscc4-c4ccc5c(c4)c4ccccc4n5CC)n3)ccc21,CCn1c2ccccc2c2cc(B3OC(C)(C)C(C)(C)O3)ccc21,CC1(C)C(=O)O[B-]2(c3cscc3Br)OC(=O)C(C)(C)[N+]21C,Brc1csc(Br)n1,45.0,635.152360928,6.0,9.0,6.0,12.189699999999979,0.10256410256410256,22.75
A039B057C100,A039,B057,C100,CCn1c2ccccc2c2cc(-c3cscc3-c3cnc(-c4cscc4-c4ccc5c(c4)c4ccccc4n5CC)s3)ccc21,CCn1c2ccccc2c2cc(B3OC(C)(C)C(C)(C)O3)ccc21,CC1(C)C(=O)O[B-]2(c3cscc3Br)OC(=O)C(C)(C)[N+]21C,Brc1cnc(Br)s1,45.0,635.152360928,6.0,9.0,6.0,12.18969999999998,0.10256410256410256,22.75
A039B056C100,A039,B056,C100,CCn1c2ccccc2c2cc(-c3ccc(-c4cnc(-c5ccc(-c6ccc7c(c6)c6ccccc6n7CC)s5)s4)s3)ccc21,CCn1c2ccccc2c2cc(B3OC(C)(C)C(C)(C)O3)ccc21,CC1(C)C(=O)O[B-]2(c3ccc(Br)s3)OC(=O)C(C)(C)[N+]21C,Brc1cnc(Br)s1,45.0,635.1523609280001,6.0,9.0,6.0,12.18969999999998,0.10256410256410256,22.75
A039B057C080,A039,B057,C080,CCn1c2ccccc2c2cc(-c3cscc3-c3nnc(-c4cscc4-c4ccc5c(c4)c4ccccc4n5CC)s3)ccc21,CCn1c2ccccc2c2cc(B3OC(C)(C)C(C)(C)O3)ccc21,CC1(C)C(=O)O[B-]2(c3cscc3Br)OC(=O)C(C)(C)[N+]21C,Brc1nnc(Br)s1,45.0,636.147609896,6.0,9.0,7.0,11.584699999999982,0.10526315789473684,35.64
A039B056C080,A039,B056,C080,CCn1c2ccccc2c2cc(-c3ccc(-c4nnc(-c5ccc(-c6ccc7c(c6)c6ccccc6n7CC)s5)s4)s3)ccc21,CCn1c2ccccc2c2cc(B3OC(C)(C)C(C)(C)O3)ccc21,CC1(C)C(=O)O[B-]2(c3ccc(Br)s3)OC(=O)C(C)(C)[N+]21C,Brc1nnc(Br)s1,45.0,636.1476098960001,6.0,9.0,7.0,11.584699999999984,0.10526315789473684,35.64
A039B067C036,A039,B067,C036,CCn1c2ccccc2c2cc(-c3cc(-c4cccc(-c5cc(-c6ccc7c(c6)c6ccccc6n7CC)no5)c4)on3)ccc21,CCn1c2ccccc2c2cc(B3OC(C)(C)C(C)(C)O3)ccc21,CC1(C)C(=O)O[B-]2(c3cc(Br)no3)OC(=O)C(C)(C)[N+]21C,Brc1cccc(Br)c1,46.0,598.2368762,6.0,9.0,6.0,10.586199999999987,0.1,61.92
A039B067C041,A039,B067,C041,CCn1c2ccccc2c2cc(-c3cc(-c4cccc(-c5cc(-c6ccc7c(c6)c6ccccc6n7CC)no5)n4)on3)ccc21,CCn1c2ccccc2c2cc(B3OC(C)(C)C(C)(C)O3)ccc21,CC1(C)C(=O)O[B-]2(c3cc(Br)no3)OC(=O)C(C)(C)[N+]21C,Brc1cccc(Br)n1,46.0,599.232125168,6.0,9.0,7.0,9.981199999999992,0.10256410256410256,74.81
A039B056C036,A039,B056,C036,CCn1c2ccccc2c2cc(-c3ccc(-c4cccc(-c5ccc(-c6ccc7c(c6)c6ccccc6n7CC)s5)c4)s3)ccc21,CCn1c2ccccc2c2cc(B3OC(C)(C)C(C)(C)O3)ccc21,CC1(C)C(=O)O[B-]2(c3ccc(Br)s3)OC(=O)C(C)(C)[N+]21C,Brc1cccc(Br)c1,46.0,628.200691024,6.0,9.0,4.0,12.733199999999979,0.09523809523809523,9.86
A039B057C036,A039,B057,C036,CCn1c2ccccc2c2cc(-c3cscc3-c3cccc(-c4cscc4-c4ccc5c(c4)c4ccccc4n5CC)c3)ccc21,CCn1c2ccccc2c2cc(B3OC(C)(C)C(C)(C)O3)ccc21,CC1(C)C(=O)O[B-]2(c3cscc3Br)OC(=O)C(C)(C)[N+]21C,Brc1cccc(Br)c1,46.0,628.200691024,6.0,9.0,4.0,12.733199999999979,0.09523809523809523,9.86
A039B056C041,A039,B056,C041,CCn1c2ccccc2c2cc(-c3ccc(-c4cccc(-c5ccc(-c6ccc7c(c6)c6ccccc6n7CC)s5)n4)s3)ccc21,CCn1c2ccccc2c2cc(B3OC(C)(C)C(C)(C)O3)ccc21,CC1(C)C(=O)O[B-]2(c3ccc(Br)s3)OC(=O)C(C)(C)[N+]21C,Brc1cccc(Br)n1,46.0,629.1959399919999,6.0,9.0,5.0,12.128199999999982,0.0975609756097561,22.75
A039B057C041,A039,B057,C041,CCn1c2ccccc2c2cc(-c3cscc3-c3cccc(-c4cscc4-c4ccc5c(c4)c4ccccc4n5CC)n3)ccc21,CCn1c2ccccc2c2cc(B3OC(C)(C)C(C)(C)O3)ccc21,CC1(C)C(=O)O[B-]2(c3cscc3Br)OC(=O)C(C)(C)[N+]21C,Brc1cccc(Br)n1,46.0,629.1959399919999,6.0,9.0,5.0,12.128199999999982,0.0975609756097561,22.75
A039B037C094,A039,B037,C094,CCn1c2ccccc2c2cc(-c3ccc(-c4ccc(-c5ccc(-c6ccc7c(c6)c6ccccc6n7CC)cc5)o4)cc3)ccc21,CCn1c2ccccc2c2cc(B3OC(C)(C)C(C)(C)O3)ccc21,CC1(C)C(=O)O[B-]2(c3ccc(Br)cc3)OC(=O)C(C)(C)[N+]21C,Brc1ccc(Br)o1,47.0,606.267113708,6.0,9.0,3.0,12.20319999999998,0.09090909090909091,23.0
A039B037C069,A039,B037,C069,CCn1c2ccccc2c2cc(-c3ccc(-c4ccoc4-c4ccc(-c5ccc6c(c5)c5ccccc5n6CC)cc4)cc3)ccc21,CCn1c2ccccc2c2cc(B3OC(C)(C)C(C)(C)O3)ccc21,CC1(C)C(=O)O[B-]2(c3ccc(Br)cc3)OC(=O)C(C)(C)[N+]21C,Brc1ccoc1Br,47.0,606.2671137080001,6.0,9.0,3.0,12.20319999999998,0.09090909090909091,23.0
A039B037C115,A039,B037,C115,CCn1c2ccccc2c2cc(-c3ccc(-c4cocc4-c4ccc(-c5ccc6c(c5)c5ccccc5n6CC)cc4)cc3)ccc21,CCn1c2ccccc2c2cc(B3OC(C)(C)C(C)(C)O3)ccc21,CC1(C)C(=O)O[B-]2(c3ccc(Br)cc3)OC(=O)C(C)(C)[N+]21C,Brc1cocc1Br,47.0,606.2671137080001,6.0,9.0,3.0,12.20319999999998,0.09090909090909091,23.0
A039B037C025,A039,B037,C025,CCn1c2ccccc2c2cc(-c3ccc(-c4ccc(-c5ccc(-c6ccc7c(c6)c6ccccc6n7CC)cc5)s4)cc3)ccc21,CCn1c2ccccc2c2cc(B3OC(C)(C)C(C)(C)O3)ccc21,CC1(C)C(=O)O[B-]2(c3ccc(Br)cc3)OC(=O)C(C)(C)[N+]21C,Brc1ccc(Br)s1,47.0,622.244270088,6.0,9.0,3.0,12.671699999999978,0.09090909090909091,9.86
A039B037C070,A039,B037,C070,CCn1c2ccccc2c2cc(-c3ccc(-c4ccsc4-c4ccc(-c5ccc6c(c5)c5ccccc5n6CC)cc4)cc3)ccc21,CCn1c2ccccc2c2cc(B3OC(C)(C)C(C)(C)O3)ccc21,CC1(C)C(=O)O[B-]2(c3ccc(Br)cc3)OC(=O)C(C)(C)[N+]21C,Brc1ccsc1Br,47.0,622.2442700880001,6.0,9.0,3.0,12.671699999999978,0.09090909090909091,9.86
A039B037C078,A039,B037,C078,CCn1c2ccccc2c2cc(-c3ccc(-c4csc(-c5ccc(-c6ccc7c(c6)c6ccccc6n7CC)cc5)n4)cc3)ccc21,CCn1c2ccccc2c2cc(B3OC(C)(C)C(C)(C)O3)ccc21,CC1(C)C(=O)O[B-]2(c3ccc(Br)cc3)OC(=O)C(C)(C)[N+]21C,Brc1csc(Br)n1,47.0,623.2395190560001,6.0,9.0,4.0,12.06669999999998,0.09302325581395349,22.75
A039B037C100,A039,B037,C100,CCn1c2ccccc2c2cc(-c3ccc(-c4cnc(-c5ccc(-c6ccc7c(c6)c6ccccc6n7CC)cc5)s4)cc3)ccc21,CCn1c2ccccc2c2cc(B3OC(C)(C)C(C)(C)O3)ccc21,CC1(C)C(=O)O[B-]2(c3ccc(Br)cc3)OC(=O)C(C)(C)[N+]21C,Brc1cnc(Br)s1,47.0,623.2395190560001,6.0,9.0,4.0,12.06669999999998,0.09302325581395349,22.75
A039B037C080,A039,B037,C080,CCn1c2ccccc2c2cc(-c3ccc(-c4nnc(-c5ccc(-c6ccc7c(c6)c6ccccc6n7CC)cc5)s4)cc3)ccc21,CCn1c2ccccc2c2cc(B3OC(C)(C)C(C)(C)O3)ccc21,CC1(C)C(=O)O[B-]2(c3ccc(Br)cc3)OC(=O)C(C)(C)[N+]21C,Brc1nnc(Br)s1,47.0,624.234768024,6.0,9.0,5.0,11.461699999999983,0.09523809523809523,35.64
A039B037C036,A039,B037,C036,CCn1c2ccccc2c2cc(-c3ccc(-c4cccc(-c5ccc(-c6ccc7c(c6)c6ccccc6n7CC)cc5)c4)cc3)ccc21,CCn1c2ccccc2c2cc(B3OC(C)(C)C(C)(C)O3)ccc21,CC1(C)C(=O)O[B-]2(c3ccc(Br)cc3)OC(=O)C(C)(C)[N+]21C,Brc1cccc(Br)c1,48.0,616.2878491519999,6.0,9.0,2.0,12.610199999999978,0.08695652173913043,9.86
A039B037C041,A039,B037,C041,CCn1c2ccccc2c2cc(-c3ccc(-c4cccc(-c5ccc(-c6ccc7c(c6)c6ccccc6n7CC)cc5)n4)cc3)ccc21,CCn1c2ccccc2c2cc(B3OC(C)(C)C(C)(C)O3)ccc21,CC1(C)C(=O)O[B-]2(c3ccc(Br)cc3)OC(=O)C(C)(C)[N+]21C,Brc1cccc(Br)n1,48.0,617.28309812,6.0,9.0,3.0,12.00519999999998,0.08888888888888889,22.75
