i,element_i,j,element_j,distance_A
26,H,37,H,0.475079
26,H,35,C,0.643351
9,C,12,H,1.070047
10,C,15,H,1.070047
20,C,26,H,1.095582
35,C,36,H,1.096950
39,C,41,H,1.097679
19,C,23,H,1.097862
35,C,38,H,1.098818
31,C,34,H,1.099363
39,C,42,H,1.099454
18,C,22,H,1.099500
27,C,28,H,1.099727
19,C,24,H,1.100727
20,C,25,H,1.101363
18,C,21,H,1.101544
39,C,40,H,1.101681
31,C,33,H,1.102089
9,C,13,H,1.102270
10,C,16,H,1.102270
27,C,30,H,1.102996
31,C,32,H,1.104264
35,C,37,H,1.106978
7,C,11,H,1.107926
9,C,14,H,1.108208
10,C,17,H,1.108208
27,C,29,H,1.110766
20,C,37,H,1.210207
4,O,6,C,1.216306
5,O,8,C,1.216306
6,C,7,C,1.373863
7,C,8,C,1.373863
20,C,35,C,1.398428
26,H,36,H,1.444784
6,C,9,C,1.464582
8,C,10,C,1.464582
26,H,38,H,1.490537
18,C,19,C,1.496162
19,C,20,C,1.518585
3,P,20,C,1.593142
25,H,37,H,1.603060
3,P,40,H,1.704729
3,P,22,H,1.723775
12,H,13,H,1.733494
15,H,16,H,1.733494
12,H,14,H,1.737275
15,H,17,H,1.737275
41,H,42,H,1.761391
33,H,34,H,1.767484
28,H,29,H,1.770819
2,P,22,H,1.776051
13,H,14,H,1.776408
16,H,17,H,1.776408
29,H,30,H,1.781123
36,H,37,H,1.788267
6,C,11,H,1.791647
25,H,26,H,1.795801
40,H,41,H,1.798889
36,H,38,H,1.798972
37,H,38,H,1.804328
2,P,18,C,1.805966
32,H,33,H,1.809530
32,H,34,H,1.809530
40,H,42,H,1.829781
3,P,39,C,1.844831
8,C,11,H,1.849324
28,H,30,H,1.849811
23,H,24,H,1.853564
2,P,27,C,1.869897
1,Co,4,O,1.880665
1,Co,5,O,1.880665
2,P,31,C,1.892001
3,P,35,C,1.895073
30,H,34,H,1.933546
19,C,21,H,1.965986
24,H,36,H,1.985094
38,H,42,H,1.986580
21,H,22,H,1.995620
21,H,23,H,2.002149
3,P,19,C,2.002648
4,O,7,C,2.004221
5,O,7,C,2.004221
38,H,39,C,2.031280
3,P,24,H,2.081009
6,C,12,H,2.110687
8,C,15,H,2.110687
18,C,23,H,2.125418
20,C,24,H,2.131314
19,C,25,H,2.138153
6,C,14,H,2.142574
8,C,17,H,2.142574
20,C,23,H,2.144341
20,C,36,H,2.145251
19,C,22,H,2.146206
3,P,26,H,2.150953
18,C,24,H,2.158263
6,C,13,H,2.159861
8,C,16,H,2.159861
1,Co,2,P,2.160000
30,H,31,C,2.162499
1,Co,3,P,2.180573
3,P,18,C,2.207329
19,C,26,H,2.207397
29,H,32,H,2.226791
27,C,31,C,2.281096
20,C,38,H,2.283725
2,P,33,H,2.298886
25,H,35,C,2.300043
1,Co,22,H,2.315448
24,H,35,C,2.320797
4,O,40,H,2.328626
35,C,39,C,2.332145
19,C,37,H,2.335744
23,H,25,H,2.338033
19,C,35,C,2.355441
30,H,32,H,2.369937
18,C,20,C,2.372889
20,C,22,H,2.386064
3,P,41,H,2.391673
4,O,9,C,2.409855
5,O,10,C,2.409855
2,P,29,H,2.419238
24,H,26,H,2.428127
19,C,36,H,2.446835
3,P,36,H,2.454873
2,P,21,H,2.460225
1,Co,40,H,2.474510
2,P,34,H,2.476935
2,P,30,H,2.484278
29,H,31,C,2.486443
4,O,11,H,2.489859
3,P,38,H,2.492449
27,C,32,H,2.497198
2,P,28,H,2.499742
3,P,25,H,2.507608
27,C,34,H,2.517618
3,P,37,H,2.520218
5,O,11,H,2.531679
7,C,9,C,2.583118
7,C,10,C,2.583118
20,C,39,C,2.607700
11,H,12,H,2.623928
23,H,37,H,2.628422
2,P,32,H,2.650269
4,O,13,H,2.657894
5,O,16,H,2.657894
4,O,5,O,2.660601
22,H,24,H,2.670169
26,H,39,C,2.676004
23,H,26,H,2.681884
6,C,8,C,2.688866
24,H,37,H,2.694457
9,C,11,H,2.695366
18,C,25,H,2.716947
38,H,40,H,2.736092
1,Co,18,C,2.740620
35,C,42,H,2.740748
11,H,17,H,2.759642
10,C,11,H,2.772183
22,H,25,H,2.775086
1,Co,24,H,2.799303
35,C,40,H,2.816949
3,P,42,H,2.822587
1,Co,7,C,2.828427
21,H,24,H,2.838221
21,H,28,H,2.840880
38,H,41,H,2.842851
21,H,25,H,2.843624
2,P,5,O,2.864865
20,C,21,H,2.874196
1,Co,6,C,2.878802
1,Co,8,C,2.878802
3,P,4,O,2.880417
22,H,40,H,2.895876
7,C,12,H,2.910756
7,C,15,H,2.910756
20,C,41,H,2.936733
4,O,8,C,2.938265
5,O,6,C,2.938265
23,H,36,H,2.994144
22,H,23,H,2.994578
7,C,14,H,2.995100
7,C,17,H,2.995100
29,H,34,H,2.997165
25,H,38,H,2.998366
23,H,35,C,3.010282
18,C,27,C,3.011876
37,H,39,C,3.014449
24,H,25,H,3.027953
20,C,40,H,3.038092
21,H,27,C,3.040855
18,C,28,H,3.050902
3,P,23,H,3.058970
2,P,3,P,3.070090
35,C,41,H,3.078311
22,H,33,H,3.081899
25,H,36,H,3.090065
2,P,19,C,3.090904
5,O,33,H,3.104851
1,Co,33,H,3.107507
4,O,14,H,3.117375
5,O,17,H,3.117375
4,O,12,H,3.136144
5,O,15,H,3.136144
26,H,42,H,3.137674
22,H,31,C,3.160585
22,H,39,C,3.165723
3,P,21,H,3.175421
22,H,41,H,3.181210
36,H,39,C,3.184180
1,Co,19,C,3.190313
25,H,41,H,3.231873
30,H,33,H,3.232429
5,O,32,H,3.235877
26,H,41,H,3.237576
25,H,39,C,3.241250
5,O,31,C,3.252830
26,H,40,H,3.256056
2,P,24,H,3.259020
11,H,15,H,3.265731
27,C,33,H,3.273897
4,O,39,C,3.281067
11,H,14,H,3.328757
24,H,38,H,3.337199
28,H,31,C,3.348283
6,C,40,H,3.348836
1,Co,11,H,3.350746
18,C,26,H,3.358467
1,Co,31,C,3.363034
22,H,35,C,3.372788
1,Co,39,C,3.379719
22,H,26,H,3.382218
20,C,42,H,3.395306
36,H,40,H,3.410645
19,C,38,H,3.425157
22,H,27,C,3.426908
21,H,30,H,3.432871
22,H,34,H,3.439317
18,C,35,C,3.447811
29,H,33,H,3.451637
37,H,42,H,3.456487
37,H,41,H,3.464188
5,O,29,H,3.469193
7,C,13,H,3.474550
7,C,16,H,3.474550
28,H,34,H,3.496942
36,H,42,H,3.501000
18,C,37,H,3.503655
18,C,31,C,3.507848
4,O,24,H,3.555475
11,H,13,H,3.567212
24,H,40,H,3.576381
18,C,30,H,3.581145
28,H,32,H,3.584215
22,H,37,H,3.591058
16,H,32,H,3.612049
1,Co,20,C,3.627616
37,H,40,H,3.660847
4,O,42,H,3.665542
19,C,39,C,3.682065
19,C,40,H,3.699689
18,C,40,H,3.711038
11,H,16,H,3.711469
18,C,34,H,3.731836
18,C,36,H,3.736134
18,C,33,H,3.742219
24,H,39,C,3.748546
4,O,36,H,3.754997
22,H,28,H,3.772864
2,P,23,H,3.788058
1,Co,35,C,3.800316
1,Co,21,H,3.810800
1,Co,27,C,3.814368
25,H,40,H,3.828185
18,C,29,H,3.841172
4,O,35,C,3.847870
22,H,30,H,3.858251
4,O,22,H,3.866807
21,H,26,H,3.869173
5,O,27,C,3.869793
5,O,22,H,3.871563
22,H,36,H,3.877499
1,Co,36,H,3.877693
21,H,34,H,3.880361
21,H,37,H,3.887081
1,Co,41,H,3.901077
1,Co,32,H,3.909655
13,H,40,H,3.916082
18,C,39,C,3.916950
21,H,31,C,3.926856
2,P,20,C,3.928812
1,Co,29,H,3.942131
6,C,10,C,3.956640
8,C,9,C,3.956640
4,O,38,H,3.985110
2,P,40,H,3.990177
25,H,42,H,3.999762
19,C,28,H,3.999862
5,O,40,H,4.037834
2,P,4,O,4.039432
21,H,29,H,4.040718
36,H,41,H,4.057696
8,C,33,H,4.059569
3,P,5,O,4.060000
18,C,41,H,4.062339
8,C,32,H,4.067542
23,H,28,H,4.068489
2,P,8,C,4.077878
7,C,40,H,4.084507
3,P,6,C,4.093092
23,H,38,H,4.093238
19,C,41,H,4.096596
16,H,29,H,4.096694
22,H,38,H,4.100988
21,H,35,C,4.111861
4,O,41,H,4.124815
9,C,40,H,4.127917
13,H,42,H,4.128172
22,H,32,H,4.151253
22,H,29,H,4.160637
1,Co,26,H,4.164553
5,O,18,C,4.188019
24,H,28,H,4.196201
6,C,15,H,4.212481
8,C,12,H,4.212481
1,Co,23,H,4.219976
1,Co,42,H,4.223186
19,C,27,C,4.224441
1,Co,34,H,4.229728
4,O,19,C,4.247046
1,Co,9,C,4.251176
1,Co,10,C,4.251176
3,P,33,H,4.252634
22,H,42,H,4.257769
8,C,31,C,4.283398
1,Co,28,H,4.288706
28,H,33,H,4.292295
6,C,39,C,4.294764
6,C,17,H,4.299491
8,C,14,H,4.299491
10,C,32,H,4.319016
4,O,20,C,4.320752
4,O,18,C,4.323644
1,Co,38,H,4.328117
33,H,40,H,4.337626
5,O,34,H,4.338030
5,O,24,H,4.343432
21,H,33,H,4.346815
16,H,31,C,4.348850
8,C,29,H,4.369199
18,C,38,H,4.378767
4,O,10,C,4.378972
5,O,9,C,4.378972
2,P,25,H,4.394742
21,H,36,H,4.397056
18,C,32,H,4.399432
16,H,33,H,4.401375
24,H,41,H,4.409184
4,O,26,H,4.411961
24,H,27,C,4.415190
13,H,39,C,4.458139
6,C,42,H,4.482165
1,Co,25,H,4.500022
24,H,42,H,4.508614
1,Co,13,H,4.524655
1,Co,16,H,4.524655
5,O,28,H,4.527372
14,H,40,H,4.532530
23,H,27,C,4.533586
13,H,38,H,4.544128
3,P,31,C,4.553120
19,C,42,H,4.556753
1,Co,37,H,4.561074
1,Co,30,H,4.568413
5,O,30,H,4.595052
2,P,39,C,4.602561
2,P,7,C,4.615553
6,C,24,H,4.622618
23,H,39,C,4.623170
4,O,33,H,4.631080
3,P,7,C,4.634102
13,H,36,H,4.664118
10,C,29,H,4.706049
8,C,40,H,4.713247
21,H,40,H,4.721250
6,C,36,H,4.723029
2,P,41,H,4.726710
9,C,42,H,4.739177
2,P,35,C,4.749770
23,H,40,H,4.755986
10,C,33,H,4.756164
7,C,33,H,4.759895
11,H,40,H,4.778567
21,H,39,C,4.791106
4,O,15,H,4.794518
5,O,12,H,4.794518
21,H,32,H,4.803374
3,P,27,C,4.805757
21,H,41,H,4.810883
6,C,16,H,4.830631
8,C,13,H,4.830631
5,O,19,C,4.839153
2,P,26,H,4.839694
2,P,16,H,4.841004
4,O,17,H,4.844071
5,O,14,H,4.844071
3,P,13,H,4.848546
10,C,31,C,4.863384
1,Co,14,H,4.875513
1,Co,17,H,4.875513
4,O,37,H,4.880441
9,C,39,C,4.885182
1,Co,12,H,4.885949
1,Co,15,H,4.885949
15,H,32,H,4.892126
33,H,41,H,4.896182
19,C,31,C,4.911833
24,H,29,H,4.912769
13,H,35,C,4.919848
6,C,35,C,4.924419
19,C,30,H,4.936608
8,C,27,C,4.939727
19,C,29,H,4.941225
6,C,38,H,4.943693
2,P,36,H,4.943720
23,H,41,H,4.963769
18,C,42,H,4.964081
2,P,6,C,4.982472
31,C,40,H,4.989709
16,H,27,C,4.990080
3,P,8,C,5.002739
7,C,24,H,5.015586
3,P,28,H,5.020627
9,C,10,C,5.024440
6,C,22,H,5.025714
8,C,22,H,5.029493
3,P,34,H,5.031352
11,H,24,H,5.038909
2,P,11,H,5.050399
4,O,16,H,5.053553
5,O,13,H,5.053553
2,P,10,C,5.055222
19,C,33,H,5.055245
12,H,17,H,5.057482
14,H,15,H,5.057482
14,H,42,H,5.059044
3,P,9,C,5.066695
5,O,39,C,5.072810
12,H,40,H,5.075401
33,H,39,C,5.077509
2,P,37,H,5.083020
4,O,31,C,5.087327
3,P,11,H,5.088949
21,H,38,H,5.090953
9,C,15,H,5.099020
10,C,12,H,5.099020
5,O,21,H,5.114773
7,C,22,H,5.126529
24,H,31,C,5.128362
6,C,41,H,5.131657
17,H,29,H,5.134981
7,C,39,C,5.140282
17,H,32,H,5.142035
7,C,31,C,5.148786
7,C,32,H,5.158042
15,H,33,H,5.163536
23,H,30,H,5.195094
12,H,15,H,5.200481
9,C,17,H,5.212305
10,C,14,H,5.212305
19,C,34,H,5.219914
9,C,36,H,5.226758
24,H,33,H,5.241555
8,C,24,H,5.258764
9,C,38,H,5.263278
24,H,30,H,5.290832
4,O,23,H,5.291777
14,H,39,C,5.295104
20,C,28,H,5.320207
6,C,33,H,5.329925
23,H,29,H,5.331548
4,O,25,H,5.348504
16,H,34,H,5.349402
3,P,29,H,5.355493
8,C,18,C,5.361949
20,C,27,C,5.369488
8,C,34,H,5.382016
7,C,29,H,5.398185
6,C,19,C,5.401537
20,C,33,H,5.404387
13,H,24,H,5.410786
4,O,21,H,5.414915
3,P,32,H,5.428784
3,P,30,H,5.429374
13,H,41,H,5.431841
15,H,31,C,5.438060
23,H,42,H,5.446292
6,C,18,C,5.469781
16,H,30,H,5.469817
5,O,20,C,5.483147
14,H,17,H,5.486575
9,C,35,C,5.488798
4,O,32,H,5.504044
10,C,27,C,5.509800
6,C,20,C,5.511542
6,C,26,H,5.518877
7,C,42,H,5.524066
7,C,18,C,5.527296
20,C,31,C,5.534763
5,O,41,H,5.536109
2,P,38,H,5.537454
5,O,36,H,5.549090
11,H,33,H,5.554827
11,H,29,H,5.561106
13,H,26,H,5.563003
8,C,28,H,5.571759
31,C,41,H,5.573545
23,H,31,C,5.574783
34,H,40,H,5.583064
25,H,28,H,5.591726
7,C,36,H,5.592540
9,C,24,H,5.595588
4,O,29,H,5.602080
15,H,29,H,5.612388
5,O,35,C,5.621859
11,H,36,H,5.622010
4,O,27,C,5.622499
24,H,34,H,5.638040
11,H,22,H,5.649938
2,P,42,H,5.650935
8,C,30,H,5.652424
25,H,27,C,5.678292
12,H,42,H,5.687249
31,C,39,C,5.692319
12,H,36,H,5.711480
2,P,17,H,5.716062
17,H,31,C,5.717134
11,H,32,H,5.718820
17,H,33,H,5.723349
3,P,14,H,5.727393
16,H,28,H,5.730227
19,C,32,H,5.740897
23,H,34,H,5.745207
7,C,19,C,5.753095
5,O,23,H,5.757508
11,H,39,C,5.766715
25,H,33,H,5.772608
11,H,31,C,5.776461
32,H,40,H,5.779048
20,C,34,H,5.780917
9,C,41,H,5.791105
7,C,35,C,5.793306
8,C,39,C,5.794394
7,C,27,C,5.799086
5,O,42,H,5.805807
6,C,31,C,5.814422
2,P,15,H,5.814627
24,H,32,H,5.822053
12,H,39,C,5.822371
3,P,12,H,5.826611
21,H,42,H,5.826929
7,C,41,H,5.832529
34,H,41,H,5.850350
27,C,40,H,5.851410
25,H,31,C,5.860392
23,H,33,H,5.860631
11,H,18,C,5.861442
8,C,19,C,5.883077
25,H,34,H,5.903101
11,H,19,C,5.915961
14,H,38,H,5.926063
10,C,34,H,5.930017
20,C,30,H,5.936026
13,H,20,C,5.947277
12,H,38,H,5.983653
7,C,38,H,5.987704
6,C,37,H,5.992404
4,O,34,H,6.002574
9,C,16,H,6.008744
10,C,13,H,6.008744
5,O,26,H,6.011007
17,H,27,C,6.013944
13,H,37,H,6.016801
4,O,28,H,6.018463
11,H,35,C,6.024110
12,H,24,H,6.035528
11,H,27,C,6.037955
33,H,42,H,6.039561
6,C,32,H,6.047884
14,H,41,H,6.083587
25,H,30,H,6.085310
5,O,38,H,6.101696
20,C,29,H,6.115946
10,C,30,H,6.116118
11,H,42,H,6.118480
7,C,20,C,6.122058
9,C,26,H,6.125112
10,C,40,H,6.128597
14,H,36,H,6.129978
34,H,39,C,6.133930
12,H,35,C,6.140757
12,H,16,H,6.141254
13,H,15,H,6.141254
33,H,35,C,6.143501
28,H,36,H,6.170729
10,C,28,H,6.182758
26,H,28,H,6.184990
13,H,19,C,6.210362
13,H,17,H,6.212135
14,H,16,H,6.212135
6,C,29,H,6.216583
7,C,34,H,6.216961
29,H,40,H,6.220064
28,H,35,C,6.239663
16,H,22,H,6.247704
9,C,22,H,6.250504
13,H,22,H,6.254582
10,C,22,H,6.255382
8,C,36,H,6.258834
14,H,35,C,6.260194
11,H,38,H,6.285388
27,C,35,C,6.286382
28,H,40,H,6.289626
26,H,27,C,6.292448
8,C,21,H,6.304895
26,H,33,H,6.306354
28,H,37,H,6.314966
5,O,25,H,6.323456
7,C,26,H,6.329573
7,C,28,H,6.330324
27,C,36,H,6.332496
8,C,41,H,6.333869
9,C,20,C,6.344612
8,C,42,H,6.370228
15,H,27,C,6.382390
23,H,32,H,6.383494
31,C,35,C,6.385014
2,P,9,C,6.392763
30,H,40,H,6.399375
5,O,37,H,6.411326
3,P,10,C,6.413221
11,H,28,H,6.414554
6,C,23,H,6.416674
6,C,27,C,6.420039
8,C,35,C,6.420740
4,O,30,H,6.421534
9,C,19,C,6.422196
27,C,39,C,6.437228
11,H,20,C,6.444308
15,H,40,H,6.459079
27,C,37,H,6.468709
8,C,20,C,6.472488
15,H,34,H,6.477970
16,H,18,C,6.484096
20,C,32,H,6.484273
26,H,31,C,6.490262
14,H,24,H,6.513043
27,C,41,H,6.530283
10,C,18,C,6.537316
32,H,41,H,6.537630
17,H,28,H,6.541072
6,C,25,H,6.550702
6,C,21,H,6.553449
25,H,29,H,6.556234
33,H,36,H,6.558209
11,H,26,H,6.561402
11,H,41,H,6.564290
16,H,40,H,6.565341
10,C,24,H,6.565638
7,C,21,H,6.566750
7,C,30,H,6.578024
33,H,37,H,6.579316
32,H,39,C,6.581330
9,C,37,H,6.595066
33,H,38,H,6.640527
2,P,13,H,6.674446
13,H,18,C,6.689955
3,P,16,H,6.694953
31,C,36,H,6.697798
9,C,18,C,6.700933
9,C,33,H,6.705378
17,H,30,H,6.713049
31,C,42,H,6.713516
31,C,37,H,6.730929
7,C,23,H,6.741528
12,H,41,H,6.770148
12,H,26,H,6.771337
28,H,39,C,6.778532
17,H,34,H,6.778918
8,C,38,H,6.783517
7,C,37,H,6.788476
34,H,35,C,6.802985
6,C,34,H,6.808678
8,C,23,H,6.809530
26,H,34,H,6.813817
29,H,36,H,6.815138
16,H,24,H,6.815174
11,H,23,H,6.815255
17,H,40,H,6.822010
14,H,22,H,6.841413
11,H,34,H,6.851139
6,C,28,H,6.851314
11,H,21,H,6.853590
30,H,41,H,6.862944
29,H,35,C,6.873049
8,C,26,H,6.877500
25,H,32,H,6.877747
17,H,24,H,6.881550
14,H,26,H,6.893303
15,H,22,H,6.895564
15,H,30,H,6.899196
11,H,30,H,6.925453
30,H,39,C,6.936635
26,H,30,H,6.937283
29,H,39,C,6.944415
28,H,41,H,6.946927
13,H,16,H,6.947661
17,H,22,H,6.948448
14,H,33,H,6.953253
12,H,19,C,6.962586
26,H,29,H,6.963354
2,P,12,H,6.966467
30,H,35,C,6.979112
12,H,22,H,6.979241
13,H,25,H,6.981239
3,P,15,H,6.986516
2,P,14,H,6.986888
34,H,37,H,6.990122
3,P,17,H,7.007141
11,H,37,H,7.014478
31,C,38,H,7.032965
12,H,20,C,7.036057
14,H,20,C,7.074124
30,H,37,H,7.078884
17,H,18,C,7.101593
7,C,25,H,7.114085
29,H,41,H,7.126879
15,H,28,H,7.128710
13,H,33,H,7.150951
30,H,36,H,7.152265
13,H,23,H,7.153440
10,C,19,C,7.172001
34,H,42,H,7.188178
27,C,38,H,7.189478
29,H,37,H,7.190313
34,H,36,H,7.212025
10,C,39,C,7.218033
16,H,21,H,7.225905
6,C,30,H,7.230899
28,H,38,H,7.231985
12,H,37,H,7.234701
32,H,35,C,7.249455
9,C,31,C,7.250690
14,H,19,C,7.261042
16,H,19,C,7.301959
15,H,18,C,7.302226
8,C,37,H,7.305950
12,H,18,C,7.310027
14,H,37,H,7.360844
15,H,24,H,7.365501
8,C,25,H,7.376429
10,C,21,H,7.389093
9,C,25,H,7.395046
26,H,32,H,7.396682
9,C,23,H,7.403425
14,H,18,C,7.415836
12,H,33,H,7.417621
32,H,36,H,7.456494
34,H,38,H,7.475654
11,H,25,H,7.482092
27,C,42,H,7.490708
9,C,32,H,7.490854
15,H,39,C,7.560754
32,H,42,H,7.562083
17,H,19,C,7.595836
14,H,31,C,7.615486
16,H,39,C,7.633151
9,C,29,H,7.658910
32,H,37,H,7.660535
10,C,36,H,7.673396
10,C,41,H,7.696421
13,H,31,C,7.707950
29,H,38,H,7.734300
13,H,21,H,7.746335
9,C,21,H,7.781112
10,C,42,H,7.791329
28,H,42,H,7.815683
14,H,32,H,7.818793
30,H,38,H,7.850083
9,C,27,C,7.858429
10,C,20,C,7.860413
12,H,31,C,7.864636
10,C,35,C,7.865679
12,H,23,H,7.878940
17,H,39,C,7.892916
32,H,38,H,7.899987
17,H,21,H,7.925927
29,H,42,H,7.949899
15,H,19,C,7.953905
17,H,36,H,7.970045
12,H,29,H,7.981660
15,H,41,H,7.996055
16,H,41,H,8.001056
12,H,32,H,8.005867
30,H,42,H,8.017886
10,C,23,H,8.036025
15,H,42,H,8.047347
14,H,25,H,8.078262
13,H,32,H,8.079288
16,H,20,C,8.083941
16,H,23,H,8.102574
12,H,25,H,8.116754
16,H,36,H,8.133634
13,H,29,H,8.168409
15,H,21,H,8.193028
9,C,34,H,8.228250
13,H,27,C,8.237530
9,C,28,H,8.238841
10,C,38,H,8.247672
14,H,29,H,8.259178
16,H,35,C,8.271693
12,H,27,C,8.277554
14,H,23,H,8.283739
17,H,35,C,8.302290
10,C,26,H,8.307286
16,H,42,H,8.316718
15,H,36,H,8.324602
12,H,21,H,8.361740
17,H,20,C,8.386252
17,H,23,H,8.397102
17,H,42,H,8.423534
15,H,35,C,8.452627
17,H,41,H,8.470421
14,H,27,C,8.488258
15,H,20,C,8.502594
14,H,21,H,8.513244
13,H,28,H,8.540463
12,H,28,H,8.586414
14,H,34,H,8.586893
13,H,34,H,8.617894
16,H,26,H,8.652225
9,C,30,H,8.683254
17,H,38,H,8.710926
15,H,38,H,8.722505
10,C,37,H,8.727021
10,C,25,H,8.728213
16,H,38,H,8.743975
17,H,26,H,8.755720
16,H,25,H,8.862601
15,H,23,H,8.873032
12,H,34,H,8.881728
15,H,26,H,8.923957
14,H,28,H,8.973830
16,H,37,H,9.042892
13,H,30,H,9.071213
12,H,30,H,9.165528
17,H,37,H,9.176820
14,H,30,H,9.233473
17,H,25,H,9.301039
15,H,37,H,9.357078
15,H,25,H,9.368388
