experiment_number,run_id,phase,bo_campaign_id,platform_campaign,sample_or_note,status,success,submitted_to_bo,requested_at,started_at,finished_at,run_min,occupied_min,catalyst,catalyst_equiv,oxidant,oxidant_equiv,TFAA_equiv,light_intensity_pct,residence_time_min,slug_volume_uL,SM_conc_mM,collect_crude,n_SM_umol,SM_mg,SM_stock_uL,catalyst_umol,catalyst_mg,catalyst_stock_uL,TFAA_umol,TFAA_mg,TFAA_stock_uL,oxidant_umol,oxidant_mg,oxidant_stock_uL,yield_pct,green_score,nmr_pass,nmr_peak_width_ppm,notes
1,R0044,yield + green score,b681a41d-90db-4eb9-a9a9-3cc91098f3c0,,BO-MCP RoboChemFlex yield optimization seed01_b681a41d,completed,True,,2026-07-24T15:55:03.184517+00:00,2026-07-24T16:11:14.200638+00:00,2026-07-24T17:08:15.466857+00:00,57.02,73.2,4CzIPN,0.0025,py NO,1.8,2.2,50.0,30.0,650.0,100.0,False,65.0,13.6013,65.28,0.1625,0.12413,26.41,143.0,30.0343,40.45,117.0,11.1267,59.31,0.0,60.30844155844155,,,
2,R0045,yield + green score,b681a41d-90db-4eb9-a9a9-3cc91098f3c0,,BO-MCP RoboChemFlex yield optimization seed02_b681a41d,completed,True,,2026-07-24T17:08:39.780641+00:00,2026-07-24T17:23:41.921114+00:00,2026-07-24T17:56:12.086325+00:00,32.5,47.54,Ru bpy Cl,0.001,py NO,0.9,0.9,75.0,10.0,650.0,100.0,False,65.0,13.6013,65.28,0.065,0.04866,22.95,58.5,12.2868,16.55,58.5,5.5633,29.66,30.037732281591182,98.29545454545455,,,
3,R0046,yield + green score,b681a41d-90db-4eb9-a9a9-3cc91098f3c0,,BO-MCP RoboChemFlex yield optimization seed03_b681a41d,completed,True,,2026-07-24T17:56:22.645264+00:00,2026-07-24T18:11:53.592601+00:00,2026-07-24T20:02:28.146737+00:00,110.58,126.09,Ir CF3 ppy,0.004,4-Ph py NO,3.0,3.5,100.0,75.0,650.0,100.0,False,65.0,13.6013,65.28,0.26,0.2917,104.93,227.5,47.7818,64.35,195.0,33.384,123.64,15.766697453699585,4.261363636363635,,,
4,R0047,yield + green score,b681a41d-90db-4eb9-a9a9-3cc91098f3c0,,BO-MCP RoboChemFlex yield optimization seed04_b681a41d,completed,True,,2026-07-24T20:02:42.762587+00:00,2026-07-24T20:17:59.622154+00:00,2026-07-24T21:32:39.740241+00:00,74.67,89.95,Ir ppy,0.002,py NO,2.4,1.4,25.0,45.0,650.0,100.0,False,65.0,13.6013,65.28,0.13,0.08512,45.28,91.0,19.1127,25.74,156.0,14.8356,79.08,11.930255522523904,65.94785422910422,,,
5,R0048,yield + green score,b681a41d-90db-4eb9-a9a9-3cc91098f3c0,,BO-MCP RoboChemFlex yield optimization seed05_b681a41d,completed,True,,2026-07-24T21:33:03.477098+00:00,2026-07-24T21:48:16.206562+00:00,2026-07-24T22:34:03.304852+00:00,45.78,61.0,Ru bpy PF6,0.0035,4-Ph py NO,1.2,3.0,75.0,20.0,650.0,100.0,False,65.0,13.6013,65.28,0.2275,0.19555,65.18,195.0,40.9558,55.15,78.0,13.3536,49.46,13.136061617657441,51.567703130203135,,,
6,R0049,yield + green score,b681a41d-90db-4eb9-a9a9-3cc91098f3c0,,BO-MCP RoboChemFlex yield optimization seed06_b681a41d,completed,True,,2026-07-24T22:34:31.396302+00:00,2026-07-24T22:49:39.750752+00:00,2026-07-25T00:56:57.150502+00:00,127.29,142.43,4CzIPN,0.0015,4-Ph py NO,2.5,1.7,50.0,90.0,650.0,100.0,False,65.0,13.6013,65.28,0.0975,0.07448,15.85,110.5,23.2083,31.25,162.5,27.82,103.04,7.574024955754647,56.59340659340659,,,
7,R0050,yield + green score,b681a41d-90db-4eb9-a9a9-3cc91098f3c0,,BO-MCP RoboChemFlex yield optimization bo_761b6759-b,completed,True,,2026-07-25T00:58:39.176291+00:00,2026-07-25T01:12:23.537235+00:00,2026-07-25T01:35:40.091834+00:00,23.28,37.02,Ru bpy Cl,0.001,py NO,0.9,0.9,100.0,2.0,650.0,100.0,False,65.0,13.6013,65.28,0.065,0.04866,22.95,58.5,12.2868,16.55,58.5,5.5633,29.66,15.229219976533518,100.0,,,
8,R0051,yield + green score,b681a41d-90db-4eb9-a9a9-3cc91098f3c0,,BO-MCP RoboChemFlex yield optimization bo_6185a2d1-0,completed,True,,2026-07-25T01:37:17.040496+00:00,2026-07-25T01:51:06.584836+00:00,2026-07-25T02:49:50.817947+00:00,58.74,72.56,Ru bpy Cl,0.001,py NO,0.9,0.9,75.0,32.1471,650.0,100.0,False,65.0,13.6013,65.28,0.065,0.04866,22.95,58.5,12.2868,16.55,58.5,5.5633,29.66,27.638363856448734,93.57670454545455,,,
9,R0052,yield + green score,b681a41d-90db-4eb9-a9a9-3cc91098f3c0,,BO-MCP RoboChemFlex yield optimization bo_b5aa81fc-1,completed,True,,2026-07-25T02:51:49.937782+00:00,2026-07-25T03:05:37.396473+00:00,2026-07-25T03:28:55.973676+00:00,23.31,37.1,Ru bpy Cl,0.001,py NO,0.9,0.9,50.0,2.0,650.0,100.0,False,65.0,13.6013,65.28,0.065,0.04866,22.95,58.5,12.2868,16.55,58.5,5.5633,29.66,11.557190298459707,100.0,,,green score recomputed from the campaign formula (its BO submission was lost when BO-MCP went down)
10,R0053,yield + green score,ccbfc92e-c646-4943-a44d-9277f2f2d8d4,robochemflex_yield_bo_fresh_20260724T155503Z-20260724-175502,BO-MCP RoboChemFlex yield optimization bo_98f9b554-6,completed,True,yes,2026-07-25T05:30:39.266421+00:00,2026-07-25T05:30:42.819043+00:00,2026-07-25T05:54:28.770997+00:00,23.77,23.83,Ru bpy Cl,0.001,py NO,1.3481518445267229,0.9,75.0,2.0,650.0,100.0,False,65.0,13.6013,65.28,0.065,0.04866,22.95,58.5,12.2868,16.55,87.6299,8.3336,44.42,14.699271910593101,94.6648589937295,True,0.09973330209832909,
11,R0054,yield + green score,ccbfc92e-c646-4943-a44d-9277f2f2d8d4,robochemflex_yield_bo_fresh_20260724T155503Z-20260724-175502,BO-MCP RoboChemFlex yield optimization bo_37550193-5,completed,True,yes,2026-07-25T05:56:13.952952+00:00,2026-07-25T06:10:05.267494+00:00,2026-07-25T06:33:21.550931+00:00,23.27,37.13,Ru bpy Cl,0.001,py NO,0.9,1.3879550089626604,75.0,2.0,650.0,100.0,False,65.0,13.6013,65.28,0.065,0.04866,22.95,90.2171,18.9483,25.52,58.5,5.5633,29.66,15.82322454684414,95.30812491382056,True,0.11548066558754044,
12,R0055,yield + green score,ccbfc92e-c646-4943-a44d-9277f2f2d8d4,robochemflex_yield_bo_fresh_20260724T155503Z-20260724-175502,BO-MCP RoboChemFlex yield optimization bo_8d4c74c6-0,completed,True,yes,2026-07-25T06:36:34.462859+00:00,2026-07-25T06:48:57.923606+00:00,2026-07-25T07:27:50.586785+00:00,38.88,51.27,Ru bpy Cl,0.001,py NO,0.9,0.9392429564290667,75.0,15.3843,650.0,100.0,False,65.0,13.6013,65.28,0.065,0.04866,22.95,61.0508,12.8225,17.27,58.5,5.5633,29.66,32.9582189108561,96.77074626685338,True,0.10498242326139717,
13,R0056,yield + green score,ccbfc92e-c646-4943-a44d-9277f2f2d8d4,robochemflex_yield_bo_fresh_20260724T155503Z-20260724-175502,BO-MCP RoboChemFlex yield optimization bo_17fa2ce7-9,completed,True,yes,2026-07-25T07:31:53.682942+00:00,2026-07-25T07:43:32.004627+00:00,2026-07-25T08:24:29.208592+00:00,40.95,52.59,Ru bpy Cl,0.001,py NO,0.9,0.9,100.0,17.1488,650.0,100.0,False,65.0,13.6013,65.28,0.065,0.04866,22.95,58.5,12.2868,16.55,58.5,5.5633,29.66,27.19849254238004,95.6964962121212,True,0.11023154442446526,
14,R0057,yield + green score,ccbfc92e-c646-4943-a44d-9277f2f2d8d4,robochemflex_yield_bo_fresh_20260724T155503Z-20260724-175502,BO-MCP RoboChemFlex yield optimization bo_c719dfd0-1,completed,True,yes,2026-07-25T08:27:13.848052+00:00,2026-07-25T08:40:00.708695+00:00,2026-07-25T09:25:13.583194+00:00,45.21,58.0,Ru bpy Cl,0.001,py NO,0.9,0.9,50.0,20.7924,650.0,100.0,False,65.0,13.6013,65.28,0.065,0.04866,22.95,58.5,12.2868,16.55,58.5,5.5633,29.66,32.68287722998345,97.33072916666666,True,0.09973330209832909,
15,R0058,yield + green score,ccbfc92e-c646-4943-a44d-9277f2f2d8d4,robochemflex_yield_bo_fresh_20260724T155503Z-20260724-175502,BO-MCP RoboChemFlex yield optimization bo_9fdbf22f-9,completed,True,yes,2026-07-25T09:28:48.616992+00:00,2026-07-25T09:40:55.024059+00:00,2026-07-25T10:22:49.351533+00:00,41.91,54.01,Ru bpy Cl,0.001,py NO,0.9,1.57791518151435,50.0,17.8907,650.0,100.0,False,65.0,13.6013,65.28,0.065,0.04866,22.95,102.5645,21.5416,29.01,58.5,5.5633,29.66,35.77595269858751,91.22448252040398,True,0.09973330209832909,
16,R0059,yield + green score,ccbfc92e-c646-4943-a44d-9277f2f2d8d4,robochemflex_yield_bo_fresh_20260724T155503Z-20260724-175502,BO-MCP RoboChemFlex yield optimization bo_2584b3ce-3,completed,True,yes,2026-07-25T10:25:08.491609+00:00,2026-07-25T10:38:30.874687+00:00,2026-07-25T11:19:06.991486+00:00,40.6,53.97,Ru bpy Cl,0.0015895931399105652,py NO,0.9,1.588655546840804,50.0,16.3965,650.0,100.0,False,65.0,13.6013,65.28,0.10332,0.07735,36.49,103.2626,21.6882,29.21,58.5,5.5633,29.66,36.54768450235394,86.42005482308022,True,0.10498242326139717,
17,R0061,yield + green score,ccbfc92e-c646-4943-a44d-9277f2f2d8d4,robochemflex_yield_bo_fresh_20260724T155503Z-20260724-175502,BO-MCP RoboChemFlex yield optimization bo_a9f8598d-e retry r2 after failed R0060; original suggestion a9f8598d-edd7-48fa-bbf6-b94ca3618912,completed,True,yes,2026-07-25T15:08:37.411601+00:00,2026-07-25T15:08:40.912313+00:00,2026-07-25T15:49:13.681993+00:00,40.55,40.6,Ru bpy Cl,0.0012551564527834074,py NO,1.4410604139317433,1.6156597192651254,50.0,16.4286,650.0,100.0,False,65.0,13.6013,65.28,0.08159,0.06108,28.81,105.0179,22.0569,29.7,93.6689,8.9079,47.48,48.50520336395255,82.50167820171659,True,0.10498242326139717,
18,R0062,yield + green score,ccbfc92e-c646-4943-a44d-9277f2f2d8d4,robochemflex_yield_bo_fresh_20260724T155503Z-20260724-175502,BO-MCP RoboChemFlex yield optimization bo_bb5d0b0c-c,completed,True,yes,2026-07-25T15:53:05.088840+00:00,2026-07-25T16:04:55.193132+00:00,2026-07-25T16:46:10.333442+00:00,41.25,53.09,Ru bpy Cl,0.0010327647764327823,py NO,1.7504175843136747,1.576838763587787,50.0,17.0122,650.0,100.0,False,65.0,13.6013,65.28,0.06713,0.05025,23.71,102.4945,21.5269,28.99,113.7771,10.8202,57.68,20.17560599224093,80.96253728586693,True,0.17322099838130356,
19,R0065,yield + green score,ccbfc92e-c646-4943-a44d-9277f2f2d8d4,robochemflex_yield_bo_fresh_20260724T155503Z-20260724-175502,BO-MCP RoboChemFlex yield optimization bo_5c5570bd-d retry r3 after failed R0064; original suggestion 5c5570bd-dd17-4366-8685-0863402167f6,completed,True,yes,2026-07-26T18:46:37.110691+00:00,2026-07-26T18:46:40.050416+00:00,2026-07-26T19:27:40.809906+00:00,41.01,41.06,Ru bpy Cl,0.0011562499295373239,py NO,1.29960973315381,1.5559624699508112,50.0,16.805,650.0,100.0,False,65.0,13.6013,65.28,0.07516,0.05626,26.54,101.1376,21.2419,28.61,84.4746,8.0335,42.82,45.093425213199836,85.53034412945391,True,0.11023154442447236,"third attempt of the same condition, passed"
20,R0066,yield + green score,ccbfc92e-c646-4943-a44d-9277f2f2d8d4,robochemflex_yield_bo_fresh_20260724T155503Z-20260724-175502,BO-MCP RoboChemFlex yield optimization bo_f20766bf-c,completed,True,yes,2026-07-26T19:34:06.924151+00:00,2026-07-26T19:43:32.253081+00:00,2026-07-26T20:27:41.041579+00:00,44.15,53.57,Ru bpy Cl,0.0012148856753842118,py NO,1.4011655894317083,1.4044945005711598,25.0,19.3907,650.0,100.0,False,65.0,13.6013,65.28,0.07897,0.05912,27.89,91.2921,19.1741,25.82,91.0758,8.6613,46.17,0.0,86.15703513480996,True,0.0,
21,R0067,yield only,1970655b-a702-4963-874b-6973489cc89d,robochemflex_yield_bo_fresh_20260724T155503Z-20260724-175502,BO-MCP RoboChemFlex yield-only optimization bo_cc26e7f1-b,completed,True,yes,2026-07-27T01:42:15.441610+00:00,2026-07-27T01:42:20.167594+00:00,2026-07-27T02:21:09.518103+00:00,38.82,38.9,Ru bpy Cl,0.001891918287517448,py NO,1.3920495769768648,1.9967805730581698,50.0,14.173,650.0,100.0,False,65.0,13.6013,65.28,0.12297,0.09206,43.43,129.7907,27.2599,36.71,90.4832,8.605,45.87,58.811244776605555,74.43448082946996,True,0.09973330209832909,
22,R0075,"yield only, clean reseed",13bb9fef-7bd3-4db2-8e99-2e39e469dc92,roboflex_yield_BO_fresh_refilled_stocks-20260728-112201,BO-MCP RoboChemFlex yield-only optimization bo_d5368262-1,completed,True,yes,2026-07-29T16:01:19.725373+00:00,2026-07-29T16:01:22.347930+00:00,2026-07-29T16:45:31.748511+00:00,44.16,44.2,Ru bpy Cl,0.002215397053331088,py NO,1.3618018851801101,2.3143285769192654,50.0,18.6769,650.0,100.0,False,65.0,13.6013,65.28,0.144,0.1078,50.85,150.4314,31.5951,42.55,88.5171,8.418,44.87,52.27761523334914,68.40589179542351,True,0.1364782078386213,
23,R0076,"yield only, clean reseed",13bb9fef-7bd3-4db2-8e99-2e39e469dc92,roboflex_yield_BO_fresh_refilled_stocks-20260728-112201,BO-MCP RoboChemFlex yield-only optimization bo_e3d3fbb8-6,completed,True,yes,2026-07-29T16:47:51.850133+00:00,2026-07-29T17:01:13.227766+00:00,2026-07-29T17:37:07.019353+00:00,35.9,49.25,Ru bpy Cl,0.002206644045765181,py NO,1.403392075648312,1.6901767218049744,50.0,11.692,650.0,100.0,False,65.0,13.6013,65.28,0.14343,0.10738,50.65,109.8615,23.0742,31.07,91.2205,8.6751,46.24,31.797149428210524,74.97735985537149,True,0.24146144463756514,
