run_id,phase,bo_campaign_id,platform_campaign,sample_or_note,status,success,submitted_to_bo,requested_at,started_at,finished_at,run_min,occupied_min,catalyst,catalyst_equiv,oxidant,oxidant_equiv,TFAA_equiv,light_intensity_pct,residence_time_min,slug_volume_uL,SM_conc_mM,collect_crude,n_SM_umol,SM_mg,SM_stock_uL,catalyst_umol,catalyst_mg,catalyst_stock_uL,TFAA_umol,TFAA_mg,TFAA_stock_uL,oxidant_umol,oxidant_mg,oxidant_stock_uL,yield_pct,green_score,nmr_pass,nmr_peak_width_ppm,notes
R0028,"exploratory 23-24 Jul (discarded, not part of the reported campaign)",9cc2b4cb-525e-4d4d-a336-0acbe52dc20d,roboflex-green-yield-20260723-180631,bo-9cc2b4cb-525e-4d4d-a336-0acbe52dc20d-seed-01,completed,True,,2026-07-23T16:08:50.744681+00:00,2026-07-23T16:22:33.489617+00:00,2026-07-23T16:45:28.322510+00:00,22.91,36.63,Ru bpy Cl,0.001,py NO,0.9,0.9,0.0,2.0,650.0,100.0,False,65.0,13.6013,65.28,0.065,0.04866,22.95,58.5,12.2868,16.55,58.5,5.5633,29.66,0.0,,True,0.0,
R0029,"exploratory 23-24 Jul (discarded, not part of the reported campaign)",9cc2b4cb-525e-4d4d-a336-0acbe52dc20d,roboflex-green-yield-20260723-180631,bo-9cc2b4cb-525e-4d4d-a336-0acbe52dc20d-seed-02,completed,True,,2026-07-23T16:45:33.107175+00:00,2026-07-23T17:00:59.853295+00:00,2026-07-23T19:05:23.502285+00:00,124.39,139.84,Ru bpy PF6,0.004,4-Ph py NO,3.0,3.5,100.0,90.0,650.0,100.0,False,65.0,13.6013,65.28,0.26,0.22348,74.49,227.5,47.7818,64.35,195.0,33.384,123.64,0.0,,True,0.0,
R0030,"exploratory 23-24 Jul (discarded, not part of the reported campaign)",9cc2b4cb-525e-4d4d-a336-0acbe52dc20d,roboflex-green-yield-20260723-180631,bo-9cc2b4cb-525e-4d4d-a336-0acbe52dc20d-seed-03,completed,True,,2026-07-23T19:05:35.758037+00:00,2026-07-23T19:20:59.924648+00:00,2026-07-23T20:09:40.525487+00:00,48.68,64.08,Ir ppy,0.001,py NO,3.0,3.5,75.0,24.0,650.0,100.0,False,65.0,13.6013,65.28,0.065,0.04256,22.64,227.5,47.7818,64.35,195.0,18.5445,98.85,0.0,,True,0.0,
R0031,"exploratory 23-24 Jul (discarded, not part of the reported campaign)",9cc2b4cb-525e-4d4d-a336-0acbe52dc20d,roboflex-green-yield-20260723-180631,bo-9cc2b4cb-525e-4d4d-a336-0acbe52dc20d-seed-04,completed,True,,2026-07-23T20:09:46.255395+00:00,2026-07-23T20:25:06.976527+00:00,2026-07-23T22:03:49.988029+00:00,98.72,114.06,Ir CF3 ppy,0.004,4-Ph py NO,0.9,0.9,25.0,68.0,650.0,100.0,False,65.0,13.6013,65.28,0.26,0.2917,104.93,58.5,12.2868,16.55,58.5,10.0152,37.09,0.0,,True,0.0,
R0032,"exploratory 23-24 Jul (discarded, not part of the reported campaign)",9cc2b4cb-525e-4d4d-a336-0acbe52dc20d,roboflex-green-yield-20260723-180631,bo-9cc2b4cb-525e-4d4d-a336-0acbe52dc20d-seed-05,completed,True,,2026-07-23T22:03:56.738424+00:00,2026-07-23T22:19:26.450670+00:00,2026-07-23T23:33:10.369875+00:00,73.73,89.23,4CzIPN,0.0025,py NO,1.95,2.2,50.0,46.0,650.0,100.0,False,65.0,13.6013,65.28,0.1625,0.12413,26.41,143.0,30.0343,40.45,126.75,12.0539,64.25,0.0,,True,0.0,
R0033,"exploratory 23-24 Jul (discarded, not part of the reported campaign)",9cc2b4cb-525e-4d4d-a336-0acbe52dc20d,roboflex-green-yield-20260723-180631,bo-9cc2b4cb-525e-4d4d-a336-0acbe52dc20d-seed-06,completed,True,,2026-07-23T23:33:16.624607+00:00,2026-07-23T23:48:36.800937+00:00,2026-07-24T01:52:31.096767+00:00,123.9,139.24,Ru bpy Cl,0.00325,4-Ph py NO,2.475,1.55,75.0,90.0,650.0,100.0,False,65.0,13.6013,65.28,0.21125,0.15815,74.6,100.75,21.1605,28.5,160.875,27.5418,102.01,0.0,,True,0.0,
R0034,"exploratory 23-24 Jul (discarded, not part of the reported campaign)",9cc2b4cb-525e-4d4d-a336-0acbe52dc20d,roboflex-green-yield-20260723-180631,bo-9cc2b4cb-525e-4d4d-a336-0acbe52dc20d-seed-07,completed,True,,2026-07-24T01:52:38.793229+00:00,2026-07-24T02:07:57.458217+00:00,2026-07-24T02:32:07.325175+00:00,24.16,39.48,Ir ppy,0.00175,4-Ph py NO,1.425,2.85,25.0,2.0,650.0,100.0,False,65.0,13.6013,65.28,0.11375,0.07448,39.62,185.25,38.9081,52.4,92.625,15.8574,58.73,0.0,,True,0.0,
R0035,"exploratory 23-24 Jul (discarded, not part of the reported campaign)",9cc2b4cb-525e-4d4d-a336-0acbe52dc20d,roboflex-green-yield-20260723-180631,bo-9cc2b4cb-525e-4d4d-a336-0acbe52dc20d-seed-08,completed,True,,2026-07-24T02:32:10.671654+00:00,2026-07-24T02:47:28.739376+00:00,2026-07-24T03:36:12.614036+00:00,48.73,64.03,4CzIPN,0.004,py NO,0.9,3.5,100.0,24.0,650.0,100.0,False,65.0,13.6013,65.28,0.26,0.19861,42.26,227.5,47.7818,64.35,58.5,5.5633,29.66,0.0,,True,0.0,
R0036,"exploratory 23-24 Jul (discarded, not part of the reported campaign)",9cc2b4cb-525e-4d4d-a336-0acbe52dc20d,roboflex-green-yield-20260723-180631,bo-9cc2b4cb-525e-4d4d-a336-0acbe52dc20d-suggestion-e4bfdc82-a527-44bb-bfb5-6b0055de21c9,completed,True,,2026-07-24T03:37:18.842610+00:00,2026-07-24T03:51:43.976453+00:00,2026-07-24T04:50:10.491762+00:00,58.44,72.86,Ru bpy Cl,0.0016982326777002293,py NO,0.9,1.0703509695691584,0.0,32.9969,650.0,100.0,False,65.0,13.6013,65.28,0.11039,0.08264,38.98,69.5728,14.6124,19.68,58.5,5.5633,29.66,0.0,,True,0.0,
R0037,"exploratory 23-24 Jul (discarded, not part of the reported campaign)",9cc2b4cb-525e-4d4d-a336-0acbe52dc20d,roboflex-green-yield-20260723-180631,bo-9cc2b4cb-525e-4d4d-a336-0acbe52dc20d-suggestion-b243db70-ee5f-45e9-ab34-c41c212907e4,completed,True,,2026-07-24T04:51:12.889079+00:00,2026-07-24T05:05:36.850382+00:00,2026-07-24T05:32:56.512361+00:00,27.33,41.73,Ru bpy Cl,0.001005903997689443,py NO,1.1005352424420427,2.1025753999134107,0.0,5.2743,650.0,100.0,False,65.0,13.6013,65.28,0.06538,0.04895,23.09,136.6674,28.7043,38.65,71.5348,6.803,36.26,0.0,,True,0.0,
R0038,"exploratory 23-24 Jul (discarded, not part of the reported campaign)",9cc2b4cb-525e-4d4d-a336-0acbe52dc20d,roboflex-green-yield-20260723-180631,bo-9cc2b4cb-525e-4d4d-a336-0acbe52dc20d-suggestion-4dad47c3-2959-43dd-8064-f45c7857edc6,completed,True,,2026-07-24T05:34:09.047897+00:00,2026-07-24T05:48:27.888314+00:00,2026-07-24T06:15:16.060600+00:00,26.8,41.12,Ru bpy Cl,0.002530567151001437,py NO,0.9,0.9,0.0,5.2036,650.0,100.0,False,65.0,13.6013,65.28,0.16449,0.12314,58.08,58.5,12.2868,16.55,58.5,5.5633,29.66,0.0,,True,0.0,
R0039,"exploratory 23-24 Jul (discarded, not part of the reported campaign)",9cc2b4cb-525e-4d4d-a336-0acbe52dc20d,roboflex-green-yield-20260723-180631,bo-9cc2b4cb-525e-4d4d-a336-0acbe52dc20d-suggestion-5f173a67-0134-405c-9cdb-3895318edaf7,completed,True,,2026-07-24T06:16:20.671845+00:00,2026-07-24T06:30:42.457210+00:00,2026-07-24T07:00:51.047154+00:00,30.14,44.51,Ru bpy Cl,0.0017802028190274984,py NO,0.9,0.9,50.0,8.1723,650.0,100.0,False,65.0,13.6013,65.28,0.11571,0.08663,40.86,58.5,12.2868,16.55,58.5,5.5633,29.66,0.0,,True,0.0,
R0040,"exploratory 23-24 Jul (discarded, not part of the reported campaign)",9cc2b4cb-525e-4d4d-a336-0acbe52dc20d,roboflex-green-yield-20260723-180631,bo-9cc2b4cb-525e-4d4d-a336-0acbe52dc20d-suggestion-a6cffff3-991b-4722-8fd6-f4327db4c48c,completed,True,,2026-07-24T07:01:56.304931+00:00,2026-07-24T07:18:37.669226+00:00,2026-07-24T08:07:23.224138+00:00,48.76,65.45,Ru bpy Cl,0.0019071911630619783,py NO,1.8987498789300645,0.9,25.0,24.0909,650.0,100.0,False,65.0,13.6013,65.28,0.12397,0.0928,43.78,58.5,12.2868,16.55,123.4187,11.7371,62.56,0.0,,True,0.0,
R0041,"exploratory 23-24 Jul (discarded, not part of the reported campaign)",9cc2b4cb-525e-4d4d-a336-0acbe52dc20d,roboflex-green-yield-20260723-180631,bo-9cc2b4cb-525e-4d4d-a336-0acbe52dc20d-suggestion-0b074e89-1212-4da1-a927-6e7bf60e993e,completed,True,,2026-07-24T08:08:37.282434+00:00,2026-07-24T08:22:49.653114+00:00,2026-07-24T09:18:35.613977+00:00,55.77,69.97,Ru bpy Cl,0.004,py NO,0.9,0.9,50.0,30.6455,650.0,100.0,False,65.0,13.6013,65.28,0.26,0.19464,91.81,58.5,12.2868,16.55,58.5,5.5633,29.66,0.0,,True,0.0,
R0042,"aborted first attempt (wrong NMR protocol, no valid yield)",1d62df6d-764a-4cf3-b857-b21482da74a0,,seed01_1d62df6d,failed,False,,2026-07-24T14:19:45+00:00,2026-07-24T14:35:35+00:00,2026-07-24T15:27:48+00:00,52.22,68.05,4CzIPN,0.0025,py NO,1.8,2.2,50,30.0,650.0,100.0,,65.0,13.6013,65.28,0.1625,0.12413,26.41,143.0,30.0343,40.45,117.0,11.1267,59.31,,,,,failed NMR analysis (default proton protocol); excluded from BO
R0043,"aborted first attempt (wrong NMR protocol, no valid yield)",1d62df6d-764a-4cf3-b857-b21482da74a0,,seed01_1d62df6d,stopped while queued,False,,2026-07-24T15:27:51+00:00,,,,,4CzIPN,0.0025,py NO,1.8,2.2,50,30.0,650.0,100.0,,65.0,13.6013,65.28,0.1625,0.12413,26.41,143.0,30.0343,40.45,117.0,11.1267,59.31,,,,,submitted as duplicate then stopped while queued; reagent consumption uncertain
R0044,yield + green score,b681a41d-90db-4eb9-a9a9-3cc91098f3c0,,BO-MCP RoboChemFlex yield optimization seed01_b681a41d,completed,True,,2026-07-24T15:55:03.184517+00:00,2026-07-24T16:11:14.200638+00:00,2026-07-24T17:08:15.466857+00:00,57.02,73.2,4CzIPN,0.0025,py NO,1.8,2.2,50.0,30.0,650.0,100.0,False,65.0,13.6013,65.28,0.1625,0.12413,26.41,143.0,30.0343,40.45,117.0,11.1267,59.31,0.0,60.30844155844155,,,
R0045,yield + green score,b681a41d-90db-4eb9-a9a9-3cc91098f3c0,,BO-MCP RoboChemFlex yield optimization seed02_b681a41d,completed,True,,2026-07-24T17:08:39.780641+00:00,2026-07-24T17:23:41.921114+00:00,2026-07-24T17:56:12.086325+00:00,32.5,47.54,Ru bpy Cl,0.001,py NO,0.9,0.9,75.0,10.0,650.0,100.0,False,65.0,13.6013,65.28,0.065,0.04866,22.95,58.5,12.2868,16.55,58.5,5.5633,29.66,30.037732281591182,98.29545454545455,,,
R0046,yield + green score,b681a41d-90db-4eb9-a9a9-3cc91098f3c0,,BO-MCP RoboChemFlex yield optimization seed03_b681a41d,completed,True,,2026-07-24T17:56:22.645264+00:00,2026-07-24T18:11:53.592601+00:00,2026-07-24T20:02:28.146737+00:00,110.58,126.09,Ir CF3 ppy,0.004,4-Ph py NO,3.0,3.5,100.0,75.0,650.0,100.0,False,65.0,13.6013,65.28,0.26,0.2917,104.93,227.5,47.7818,64.35,195.0,33.384,123.64,15.766697453699585,4.261363636363635,,,
R0047,yield + green score,b681a41d-90db-4eb9-a9a9-3cc91098f3c0,,BO-MCP RoboChemFlex yield optimization seed04_b681a41d,completed,True,,2026-07-24T20:02:42.762587+00:00,2026-07-24T20:17:59.622154+00:00,2026-07-24T21:32:39.740241+00:00,74.67,89.95,Ir ppy,0.002,py NO,2.4,1.4,25.0,45.0,650.0,100.0,False,65.0,13.6013,65.28,0.13,0.08512,45.28,91.0,19.1127,25.74,156.0,14.8356,79.08,11.930255522523904,65.94785422910422,,,
R0048,yield + green score,b681a41d-90db-4eb9-a9a9-3cc91098f3c0,,BO-MCP RoboChemFlex yield optimization seed05_b681a41d,completed,True,,2026-07-24T21:33:03.477098+00:00,2026-07-24T21:48:16.206562+00:00,2026-07-24T22:34:03.304852+00:00,45.78,61.0,Ru bpy PF6,0.0035,4-Ph py NO,1.2,3.0,75.0,20.0,650.0,100.0,False,65.0,13.6013,65.28,0.2275,0.19555,65.18,195.0,40.9558,55.15,78.0,13.3536,49.46,13.136061617657441,51.567703130203135,,,
R0049,yield + green score,b681a41d-90db-4eb9-a9a9-3cc91098f3c0,,BO-MCP RoboChemFlex yield optimization seed06_b681a41d,completed,True,,2026-07-24T22:34:31.396302+00:00,2026-07-24T22:49:39.750752+00:00,2026-07-25T00:56:57.150502+00:00,127.29,142.43,4CzIPN,0.0015,4-Ph py NO,2.5,1.7,50.0,90.0,650.0,100.0,False,65.0,13.6013,65.28,0.0975,0.07448,15.85,110.5,23.2083,31.25,162.5,27.82,103.04,7.574024955754647,56.59340659340659,,,
R0050,yield + green score,b681a41d-90db-4eb9-a9a9-3cc91098f3c0,,BO-MCP RoboChemFlex yield optimization bo_761b6759-b,completed,True,,2026-07-25T00:58:39.176291+00:00,2026-07-25T01:12:23.537235+00:00,2026-07-25T01:35:40.091834+00:00,23.28,37.02,Ru bpy Cl,0.001,py NO,0.9,0.9,100.0,2.0,650.0,100.0,False,65.0,13.6013,65.28,0.065,0.04866,22.95,58.5,12.2868,16.55,58.5,5.5633,29.66,15.229219976533518,100.0,,,
R0051,yield + green score,b681a41d-90db-4eb9-a9a9-3cc91098f3c0,,BO-MCP RoboChemFlex yield optimization bo_6185a2d1-0,completed,True,,2026-07-25T01:37:17.040496+00:00,2026-07-25T01:51:06.584836+00:00,2026-07-25T02:49:50.817947+00:00,58.74,72.56,Ru bpy Cl,0.001,py NO,0.9,0.9,75.0,32.1471,650.0,100.0,False,65.0,13.6013,65.28,0.065,0.04866,22.95,58.5,12.2868,16.55,58.5,5.5633,29.66,27.638363856448734,93.57670454545455,,,
R0052,yield + green score,b681a41d-90db-4eb9-a9a9-3cc91098f3c0,,BO-MCP RoboChemFlex yield optimization bo_b5aa81fc-1,completed,True,,2026-07-25T02:51:49.937782+00:00,2026-07-25T03:05:37.396473+00:00,2026-07-25T03:28:55.973676+00:00,23.31,37.1,Ru bpy Cl,0.001,py NO,0.9,0.9,50.0,2.0,650.0,100.0,False,65.0,13.6013,65.28,0.065,0.04866,22.95,58.5,12.2868,16.55,58.5,5.5633,29.66,11.557190298459707,,,,
R0053,yield + green score,ccbfc92e-c646-4943-a44d-9277f2f2d8d4,robochemflex_yield_bo_fresh_20260724T155503Z-20260724-175502,BO-MCP RoboChemFlex yield optimization bo_98f9b554-6,completed,True,yes,2026-07-25T05:30:39.266421+00:00,2026-07-25T05:30:42.819043+00:00,2026-07-25T05:54:28.770997+00:00,23.77,23.83,Ru bpy Cl,0.001,py NO,1.3481518445267229,0.9,75.0,2.0,650.0,100.0,False,65.0,13.6013,65.28,0.065,0.04866,22.95,58.5,12.2868,16.55,87.6299,8.3336,44.42,14.699271910593101,94.6648589937295,True,0.09973330209832909,
R0054,yield + green score,ccbfc92e-c646-4943-a44d-9277f2f2d8d4,robochemflex_yield_bo_fresh_20260724T155503Z-20260724-175502,BO-MCP RoboChemFlex yield optimization bo_37550193-5,completed,True,yes,2026-07-25T05:56:13.952952+00:00,2026-07-25T06:10:05.267494+00:00,2026-07-25T06:33:21.550931+00:00,23.27,37.13,Ru bpy Cl,0.001,py NO,0.9,1.3879550089626604,75.0,2.0,650.0,100.0,False,65.0,13.6013,65.28,0.065,0.04866,22.95,90.2171,18.9483,25.52,58.5,5.5633,29.66,15.82322454684414,95.30812491382056,True,0.11548066558754044,
R0055,yield + green score,ccbfc92e-c646-4943-a44d-9277f2f2d8d4,robochemflex_yield_bo_fresh_20260724T155503Z-20260724-175502,BO-MCP RoboChemFlex yield optimization bo_8d4c74c6-0,completed,True,yes,2026-07-25T06:36:34.462859+00:00,2026-07-25T06:48:57.923606+00:00,2026-07-25T07:27:50.586785+00:00,38.88,51.27,Ru bpy Cl,0.001,py NO,0.9,0.9392429564290667,75.0,15.3843,650.0,100.0,False,65.0,13.6013,65.28,0.065,0.04866,22.95,61.0508,12.8225,17.27,58.5,5.5633,29.66,32.9582189108561,96.77074626685338,True,0.10498242326139717,
R0056,yield + green score,ccbfc92e-c646-4943-a44d-9277f2f2d8d4,robochemflex_yield_bo_fresh_20260724T155503Z-20260724-175502,BO-MCP RoboChemFlex yield optimization bo_17fa2ce7-9,completed,True,yes,2026-07-25T07:31:53.682942+00:00,2026-07-25T07:43:32.004627+00:00,2026-07-25T08:24:29.208592+00:00,40.95,52.59,Ru bpy Cl,0.001,py NO,0.9,0.9,100.0,17.1488,650.0,100.0,False,65.0,13.6013,65.28,0.065,0.04866,22.95,58.5,12.2868,16.55,58.5,5.5633,29.66,27.19849254238004,95.6964962121212,True,0.11023154442446526,
R0057,yield + green score,ccbfc92e-c646-4943-a44d-9277f2f2d8d4,robochemflex_yield_bo_fresh_20260724T155503Z-20260724-175502,BO-MCP RoboChemFlex yield optimization bo_c719dfd0-1,completed,True,yes,2026-07-25T08:27:13.848052+00:00,2026-07-25T08:40:00.708695+00:00,2026-07-25T09:25:13.583194+00:00,45.21,58.0,Ru bpy Cl,0.001,py NO,0.9,0.9,50.0,20.7924,650.0,100.0,False,65.0,13.6013,65.28,0.065,0.04866,22.95,58.5,12.2868,16.55,58.5,5.5633,29.66,32.68287722998345,97.33072916666666,True,0.09973330209832909,
R0058,yield + green score,ccbfc92e-c646-4943-a44d-9277f2f2d8d4,robochemflex_yield_bo_fresh_20260724T155503Z-20260724-175502,BO-MCP RoboChemFlex yield optimization bo_9fdbf22f-9,completed,True,yes,2026-07-25T09:28:48.616992+00:00,2026-07-25T09:40:55.024059+00:00,2026-07-25T10:22:49.351533+00:00,41.91,54.01,Ru bpy Cl,0.001,py NO,0.9,1.57791518151435,50.0,17.8907,650.0,100.0,False,65.0,13.6013,65.28,0.065,0.04866,22.95,102.5645,21.5416,29.01,58.5,5.5633,29.66,35.77595269858751,91.22448252040398,True,0.09973330209832909,
R0059,yield + green score,ccbfc92e-c646-4943-a44d-9277f2f2d8d4,robochemflex_yield_bo_fresh_20260724T155503Z-20260724-175502,BO-MCP RoboChemFlex yield optimization bo_2584b3ce-3,completed,True,yes,2026-07-25T10:25:08.491609+00:00,2026-07-25T10:38:30.874687+00:00,2026-07-25T11:19:06.991486+00:00,40.6,53.97,Ru bpy Cl,0.0015895931399105652,py NO,0.9,1.588655546840804,50.0,16.3965,650.0,100.0,False,65.0,13.6013,65.28,0.10332,0.07735,36.49,103.2626,21.6882,29.21,58.5,5.5633,29.66,36.54768450235394,86.42005482308022,True,0.10498242326139717,
R0060,yield + green score,ccbfc92e-c646-4943-a44d-9277f2f2d8d4,robochemflex_yield_bo_fresh_20260724T155503Z-20260724-175502,BO-MCP RoboChemFlex yield optimization bo_a9f8598d-e,failed,False,,2026-07-25T11:21:23.639885+00:00,2026-07-25T11:34:48.464261+00:00,2026-07-25T12:15:22.266628+00:00,40.56,53.98,Ru bpy Cl,0.0012551564527834074,py NO,1.4410604139317433,1.6156597192651254,50.0,16.4286,650.0,100.0,False,65.0,13.6013,65.28,0.08159,0.06108,28.81,105.0179,22.0569,29.7,93.6689,8.9079,47.48,25.027637631355404,,False,0.33069463327341,failed analysis; measurement retried as R0061
R0061,yield + green score,ccbfc92e-c646-4943-a44d-9277f2f2d8d4,robochemflex_yield_bo_fresh_20260724T155503Z-20260724-175502,BO-MCP RoboChemFlex yield optimization bo_a9f8598d-e retry r2 after failed R0060; original suggestion a9f8598d-edd7-48fa-bbf6-b94ca3618912,completed,True,yes,2026-07-25T15:08:37.411601+00:00,2026-07-25T15:08:40.912313+00:00,2026-07-25T15:49:13.681993+00:00,40.55,40.6,Ru bpy Cl,0.0012551564527834074,py NO,1.4410604139317433,1.6156597192651254,50.0,16.4286,650.0,100.0,False,65.0,13.6013,65.28,0.08159,0.06108,28.81,105.0179,22.0569,29.7,93.6689,8.9079,47.48,48.50520336395255,82.50167820171659,True,0.10498242326139717,
R0062,yield + green score,ccbfc92e-c646-4943-a44d-9277f2f2d8d4,robochemflex_yield_bo_fresh_20260724T155503Z-20260724-175502,BO-MCP RoboChemFlex yield optimization bo_bb5d0b0c-c,completed,True,yes,2026-07-25T15:53:05.088840+00:00,2026-07-25T16:04:55.193132+00:00,2026-07-25T16:46:10.333442+00:00,41.25,53.09,Ru bpy Cl,0.0010327647764327823,py NO,1.7504175843136747,1.576838763587787,50.0,17.0122,650.0,100.0,False,65.0,13.6013,65.28,0.06713,0.05025,23.71,102.4945,21.5269,28.99,113.7771,10.8202,57.68,20.17560599224093,80.96253728586693,True,0.17322099838130356,
R0063,yield + green score,ccbfc92e-c646-4943-a44d-9277f2f2d8d4,robochemflex_yield_bo_fresh_20260724T155503Z-20260724-175502,BO-MCP RoboChemFlex yield optimization bo_5c5570bd-d,failed,False,,2026-07-25T19:20:34.260954+00:00,2026-07-25T19:20:34.800776+00:00,2026-07-25T20:01:36.192879+00:00,41.02,41.03,Ru bpy Cl,0.0011562499295373239,py NO,1.29960973315381,1.5559624699508112,50.0,16.805,650.0,100.0,False,65.0,13.6013,65.28,0.07516,0.05626,26.54,101.1376,21.2419,28.61,84.4746,8.0335,42.82,27.04493570345765,,False,0.27820342164270784,failed NMR QC (peak width 0.278 ppm > 0.2 limit)
R0064,yield + green score,ccbfc92e-c646-4943-a44d-9277f2f2d8d4,robochemflex_yield_bo_fresh_20260724T155503Z-20260724-175502,BO-MCP RoboChemFlex yield optimization bo_5c5570bd-d retry r2 after failed R0063; original suggestion 5c5570bd-dd17-4366-8685-0863402167f6,failed,False,,2026-07-25T20:32:32.800479+00:00,2026-07-25T20:32:34.061494+00:00,2026-07-25T21:13:36.605246+00:00,41.04,41.06,Ru bpy Cl,0.0011562499295373239,py NO,1.29960973315381,1.5559624699508112,50.0,16.805,650.0,100.0,False,65.0,13.6013,65.28,0.07516,0.05626,26.54,101.1376,21.2419,28.61,84.4746,8.0335,42.82,25.690722565035262,,False,0.21521396768586953,"retry of R0063, failed NMR QC again (0.215 ppm)"
R0065,yield + green score,ccbfc92e-c646-4943-a44d-9277f2f2d8d4,robochemflex_yield_bo_fresh_20260724T155503Z-20260724-175502,BO-MCP RoboChemFlex yield optimization bo_5c5570bd-d retry r3 after failed R0064; original suggestion 5c5570bd-dd17-4366-8685-0863402167f6,completed,True,yes,2026-07-26T18:46:37.110691+00:00,2026-07-26T18:46:40.050416+00:00,2026-07-26T19:27:40.809906+00:00,41.01,41.06,Ru bpy Cl,0.0011562499295373239,py NO,1.29960973315381,1.5559624699508112,50.0,16.805,650.0,100.0,False,65.0,13.6013,65.28,0.07516,0.05626,26.54,101.1376,21.2419,28.61,84.4746,8.0335,42.82,45.093425213199836,85.53034412945391,True,0.11023154442447236,"third attempt of the same condition, passed"
R0066,yield + green score,ccbfc92e-c646-4943-a44d-9277f2f2d8d4,robochemflex_yield_bo_fresh_20260724T155503Z-20260724-175502,BO-MCP RoboChemFlex yield optimization bo_f20766bf-c,completed,True,yes,2026-07-26T19:34:06.924151+00:00,2026-07-26T19:43:32.253081+00:00,2026-07-26T20:27:41.041579+00:00,44.15,53.57,Ru bpy Cl,0.0012148856753842118,py NO,1.4011655894317083,1.4044945005711598,25.0,19.3907,650.0,100.0,False,65.0,13.6013,65.28,0.07897,0.05912,27.89,91.2921,19.1741,25.82,91.0758,8.6613,46.17,0.0,86.15703513480996,True,0.0,
R0067,yield only,1970655b-a702-4963-874b-6973489cc89d,robochemflex_yield_bo_fresh_20260724T155503Z-20260724-175502,BO-MCP RoboChemFlex yield-only optimization bo_cc26e7f1-b,completed,True,yes,2026-07-27T01:42:15.441610+00:00,2026-07-27T01:42:20.167594+00:00,2026-07-27T02:21:09.518103+00:00,38.82,38.9,Ru bpy Cl,0.001891918287517448,py NO,1.3920495769768648,1.9967805730581698,50.0,14.173,650.0,100.0,False,65.0,13.6013,65.28,0.12297,0.09206,43.43,129.7907,27.2599,36.71,90.4832,8.605,45.87,58.811244776605555,74.43448082946996,True,0.09973330209832909,
R0068,yield only,1970655b-a702-4963-874b-6973489cc89d,robochemflex_yield_bo_fresh_20260724T155503Z-20260724-175502,BO-MCP RoboChemFlex yield-only optimization bo_31d5114e-3,failed,False,,2026-07-27T02:22:55.379259+00:00,2026-07-27T02:36:51.058796+00:00,2026-07-27T03:20:37.779396+00:00,43.78,57.71,Ru bpy Cl,0.0022452457086006112,py NO,1.355256776264335,2.301668795918735,50.0,21.5504,650.0,100.0,False,65.0,13.6013,65.28,0.14594,0.10925,51.54,149.6085,31.4223,42.31,88.0917,8.3775,44.66,,,,,non-retryable analysis error; measurement retried as R0069
R0069,yield only,1970655b-a702-4963-874b-6973489cc89d,robochemflex_yield_bo_fresh_20260724T155503Z-20260724-175502,BO-MCP RoboChemFlex yield-only optimization bo_31d5114e-3_r2,completed,True,yes,2026-07-27T13:38:32.731851+00:00,2026-07-27T13:38:34.024299+00:00,2026-07-27T14:26:10.726648+00:00,47.61,47.63,Ru bpy Cl,0.0022452457086006112,py NO,1.355256776264335,2.301668795918735,50.0,21.5504,650.0,100.0,False,65.0,13.6013,65.28,0.14594,0.10925,51.54,149.6085,31.4223,42.31,88.0917,8.3775,44.66,54.499424422633645,67.94865568886654,True,0.11548066558754044,
R0070,yield only,1970655b-a702-4963-874b-6973489cc89d,robochemflex_yield_bo_fresh_20260724T155503Z-20260724-175502,BO-MCP RoboChemFlex yield-only optimization bo_b8a7095d-5,completed,True,yes,2026-07-27T14:28:32.106685+00:00,2026-07-27T14:41:57.299126+00:00,2026-07-27T15:20:39.426757+00:00,38.7,52.12,Ru bpy Cl,0.001955638096245787,py NO,1.3622631167374433,2.511222646887637,50.0,13.9998,650.0,100.0,False,65.0,13.6013,65.28,0.12712,0.09516,44.89,163.2295,34.2831,46.17,88.5471,8.4208,44.89,0.0,69.33614595045124,True,0.0,
R0071,yield only,1970655b-a702-4963-874b-6973489cc89d,robochemflex_yield_bo_fresh_20260724T155503Z-20260724-175502,BO-MCP RoboChemFlex yield-only optimization bo_e5d810a1-d,completed,True,yes,2026-07-27T15:26:16.564197+00:00,2026-07-27T15:36:25.871104+00:00,2026-07-27T16:22:57.514205+00:00,46.53,56.68,Ru bpy Cl,0.0021208657299276617,py NO,1.3676868465921683,2.1437066222361896,50.0,20.5728,650.0,100.0,False,65.0,13.6013,65.28,0.13786,0.1032,48.68,139.3409,29.2658,39.41,88.8996,8.4544,45.07,0.0,70.49477659867476,True,0.0,
R0072,yield only,1970655b-a702-4963-874b-6973489cc89d,robochemflex_yield_bo_fresh_20260724T155503Z-20260724-175502,BO-MCP RoboChemFlex yield-only optimization bo_bee540de-5,completed,True,yes,2026-07-27T16:30:16.358238+00:00,2026-07-27T16:38:44.249726+00:00,2026-07-27T17:16:52.935269+00:00,38.14,46.61,Ru bpy Cl,0.0018416219771099289,py NO,1.3961927112380434,1.9693294173125089,50.0,13.4561,650.0,100.0,False,65.0,13.6013,65.28,0.11971,0.08961,42.27,128.0064,26.8852,36.21,90.7525,8.6306,46.01,45.79300224553894,75.17004638566944,True,0.1259789079136837,
R0073,yield only,1970655b-a702-4963-874b-6973489cc89d,robochemflex_yield_bo_fresh_20260724T155503Z-20260724-175502,BO-MCP RoboChemFlex yield-only optimization bo_a26ca83f-2,completed,True,yes,2026-07-27T17:25:20.418862+00:00,2026-07-27T17:32:44.457563+00:00,2026-07-27T18:19:53.823243+00:00,47.16,54.56,Ru bpy Cl,0.0019359988328696658,py NO,1.3468007147323526,2.010108175517452,50.0,21.1073,650.0,100.0,False,65.0,13.6013,65.28,0.12584,0.09421,44.44,130.657,27.4419,36.95,87.542,8.3252,44.38,0.0,73.49282137452167,True,0.0,
R0074,yield only,1970655b-a702-4963-874b-6973489cc89d,robochemflex_yield_bo_fresh_20260724T155503Z-20260724-175502,BO-MCP RoboChemFlex yield-only optimization bo_86b39c20-a,failed,False,,2026-07-27T18:26:18.717335+00:00,2026-07-27T18:36:05.346377+00:00,2026-07-27T19:14:33.326880+00:00,38.47,48.24,Ru bpy Cl,0.0019473763733105366,py NO,1.392252886712668,2.0269754023434867,50.0,13.7971,650.0,100.0,False,65.0,13.6013,65.28,0.12658,0.09476,44.7,131.7534,27.6722,37.26,90.4964,8.6062,45.88,24.572952805051507,,False,0.3936840872302412,failed before analysis (platform went to stopping)
R0075,"yield only, clean reseed",13bb9fef-7bd3-4db2-8e99-2e39e469dc92,roboflex_yield_BO_fresh_refilled_stocks-20260728-112201,BO-MCP RoboChemFlex yield-only optimization bo_d5368262-1,completed,True,yes,2026-07-29T16:01:19.725373+00:00,2026-07-29T16:01:22.347930+00:00,2026-07-29T16:45:31.748511+00:00,44.16,44.2,Ru bpy Cl,0.002215397053331088,py NO,1.3618018851801101,2.3143285769192654,50.0,18.6769,650.0,100.0,False,65.0,13.6013,65.28,0.144,0.1078,50.85,150.4314,31.5951,42.55,88.5171,8.418,44.87,52.27761523334914,68.40589179542351,True,0.1364782078386213,
R0076,"yield only, clean reseed",13bb9fef-7bd3-4db2-8e99-2e39e469dc92,roboflex_yield_BO_fresh_refilled_stocks-20260728-112201,BO-MCP RoboChemFlex yield-only optimization bo_e3d3fbb8-6,completed,True,yes,2026-07-29T16:47:51.850133+00:00,2026-07-29T17:01:13.227766+00:00,2026-07-29T17:37:07.019353+00:00,35.9,49.25,Ru bpy Cl,0.002206644045765181,py NO,1.403392075648312,1.6901767218049744,50.0,11.692,650.0,100.0,False,65.0,13.6013,65.28,0.14343,0.10738,50.65,109.8615,23.0742,31.07,91.2205,8.6751,46.24,31.797149428210524,74.97735985537149,True,0.24146144463756514,
R0077,"yield only, clean reseed",13bb9fef-7bd3-4db2-8e99-2e39e469dc92,roboflex_yield_BO_fresh_refilled_stocks-20260728-112201,BO-MCP RoboChemFlex yield-only optimization bo_e149d9a6-3,completed,True,yes,2026-07-29T17:40:22.368192+00:00,2026-07-29T17:52:48.533251+00:00,2026-07-29T18:34:57.035969+00:00,42.14,54.58,Ru bpy Cl,0.0016834805333770216,py NO,1.367639510521349,2.1817870929250742,50.0,16.895,650.0,100.0,False,65.0,13.6013,65.28,0.10943,0.08192,38.64,141.8162,29.7856,40.11,88.8966,8.4541,45.06,0.0,74.2965489195439,True,0.0,"zero yield, analytical failure; excluded from the published figure"
R0078,"yield only, clean reseed",13bb9fef-7bd3-4db2-8e99-2e39e469dc92,roboflex_yield_BO_fresh_refilled_stocks-20260728-112201,BO-MCP RoboChemFlex yield-only optimization bo_6a04c6c0-e,completed,True,yes,2026-07-29T18:40:40.486493+00:00,2026-07-29T18:50:43.468415+00:00,2026-07-29T19:32:09.925516+00:00,41.44,51.49,Ru bpy Cl,0.001942393676822977,py NO,1.4575630871779603,1.9544888939495746,50.0,16.3687,650.0,100.0,False,65.0,13.6013,65.28,0.12626,0.09452,44.58,127.0418,26.6826,35.93,94.7416,9.0099,48.03,0.0,73.32879083270029,True,0.0,"zero yield, analytical failure; excluded from the published figure"
R0079,"yield only, clean reseed",13bb9fef-7bd3-4db2-8e99-2e39e469dc92,roboflex_yield_BO_fresh_refilled_stocks-20260728-112201,BO-MCP RoboChemFlex yield-only optimization bo_9a25e813-9,completed,True,yes,2026-07-29T19:35:09.555897+00:00,2026-07-29T19:48:06.439102+00:00,2026-07-29T20:23:19.730964+00:00,35.22,48.17,Ru bpy Cl,0.001867898988028076,py NO,1.7563484941234677,2.016707517395622,0.0,10.9756,650.0,100.0,False,65.0,13.6013,65.28,0.12141,0.09089,42.87,131.086,27.532,37.08,114.1627,10.8569,57.87,0.0,71.83531122040787,True,0.0,"zero yield, analytical failure; excluded from the published figure"
R0080,"yield only, clean reseed",13bb9fef-7bd3-4db2-8e99-2e39e469dc92,roboflex_yield_BO_fresh_refilled_stocks-20260728-112201,BO-MCP RoboChemFlex yield-only optimization bo_742b1a07-c,queued,,,2026-07-29T20:24:10.477894+00:00,,,,,Ru bpy Cl,0.0018617332840613918,py NO,1.2361549028777215,1.9458809417260512,50.0,13.6758,650.0,100.0,False,65.0,13.6013,65.28,0.12101,0.09059,42.73,126.4823,26.5651,35.77,80.3501,7.6413,40.73,,,,,"submitted, platform unreachable (HTTP 530); no result returned"
