candidate_id,R1,R2,R3,ligand_smiles
P_0001,Me,Me,Me,CP(C)C
P_0002,Me,Me,Ph,CP(C)c1ccccc1
P_0003,Me,Ph,Ph,CP(c1ccccc1)c1ccccc1
P_0004,Ph,Ph,Ph,P(c1ccccc1)(c1ccccc1)c1ccccc1
P_0005,tBu,tBu,Ph,CC(C)(C)P(C(C)(C)C)c1ccccc1
P_0006,Me,Me,Et,P(C)(C)CC
P_0007,Me,Me,iPr,P(C)(C)C(C)C
P_0008,Me,Me,tBu,P(C)(C)C(C)(C)C
P_0009,Me,Me,Cy,P(C)(C)C1CCCCC1
P_0010,Me,Me,pMePh,P(C)(C)c1ccc(C)cc1
P_0011,Me,Me,pOMePh,P(C)(C)c1ccc(OC)cc1
P_0012,Me,Me,pFPh,P(C)(C)c1ccc(F)cc1
P_0013,Me,Me,pClPh,P(C)(C)c1ccc(Cl)cc1
P_0014,Me,Me,pCF3Ph,P(C)(C)c1ccc(C(F)(F)F)cc1
P_0015,Me,Me,pCNPh,P(C)(C)c1ccc(C#N)cc1
P_0016,Me,Et,Et,P(C)(CC)CC
P_0017,Me,Et,iPr,P(C)(CC)C(C)C
P_0018,Me,Et,tBu,P(C)(CC)C(C)(C)C
P_0019,Me,Et,Cy,P(C)(CC)C1CCCCC1
P_0020,Me,Et,Ph,P(C)(CC)c1ccccc1
P_0021,Me,Et,pMePh,P(C)(CC)c1ccc(C)cc1
P_0022,Me,Et,pOMePh,P(C)(CC)c1ccc(OC)cc1
P_0023,Me,Et,pFPh,P(C)(CC)c1ccc(F)cc1
P_0024,Me,Et,pClPh,P(C)(CC)c1ccc(Cl)cc1
P_0025,Me,Et,pCF3Ph,P(C)(CC)c1ccc(C(F)(F)F)cc1
P_0026,Me,Et,pCNPh,P(C)(CC)c1ccc(C#N)cc1
P_0027,Me,iPr,iPr,P(C)(C(C)C)C(C)C
P_0028,Me,iPr,tBu,P(C)(C(C)C)C(C)(C)C
P_0029,Me,iPr,Cy,P(C)(C(C)C)C1CCCCC1
P_0030,Me,iPr,Ph,P(C)(C(C)C)c1ccccc1
P_0031,Me,iPr,pMePh,P(C)(C(C)C)c1ccc(C)cc1
P_0032,Me,iPr,pOMePh,P(C)(C(C)C)c1ccc(OC)cc1
P_0033,Me,iPr,pFPh,P(C)(C(C)C)c1ccc(F)cc1
P_0034,Me,iPr,pClPh,P(C)(C(C)C)c1ccc(Cl)cc1
P_0035,Me,iPr,pCF3Ph,P(C)(C(C)C)c1ccc(C(F)(F)F)cc1
P_0036,Me,iPr,pCNPh,P(C)(C(C)C)c1ccc(C#N)cc1
P_0037,Me,tBu,tBu,P(C)(C(C)(C)C)C(C)(C)C
P_0038,Me,tBu,Cy,P(C)(C(C)(C)C)C1CCCCC1
P_0039,Me,tBu,Ph,P(C)(C(C)(C)C)c1ccccc1
P_0040,Me,tBu,pMePh,P(C)(C(C)(C)C)c1ccc(C)cc1
P_0041,Me,tBu,pOMePh,P(C)(C(C)(C)C)c1ccc(OC)cc1
P_0042,Me,tBu,pFPh,P(C)(C(C)(C)C)c1ccc(F)cc1
P_0043,Me,tBu,pClPh,P(C)(C(C)(C)C)c1ccc(Cl)cc1
P_0044,Me,tBu,pCF3Ph,P(C)(C(C)(C)C)c1ccc(C(F)(F)F)cc1
P_0045,Me,tBu,pCNPh,P(C)(C(C)(C)C)c1ccc(C#N)cc1
P_0046,Me,Cy,Cy,P(C)(C1CCCCC1)C1CCCCC1
P_0047,Me,Cy,Ph,P(C)(C1CCCCC1)c1ccccc1
P_0048,Me,Cy,pMePh,P(C)(C1CCCCC1)c1ccc(C)cc1
P_0049,Me,Cy,pOMePh,P(C)(C1CCCCC1)c1ccc(OC)cc1
P_0050,Me,Cy,pFPh,P(C)(C1CCCCC1)c1ccc(F)cc1
P_0051,Me,Cy,pClPh,P(C)(C1CCCCC1)c1ccc(Cl)cc1
P_0052,Me,Cy,pCF3Ph,P(C)(C1CCCCC1)c1ccc(C(F)(F)F)cc1
P_0053,Me,Cy,pCNPh,P(C)(C1CCCCC1)c1ccc(C#N)cc1
P_0054,Me,Ph,pMePh,P(C)(c1ccccc1)c1ccc(C)cc1
P_0055,Me,Ph,pOMePh,P(C)(c1ccccc1)c1ccc(OC)cc1
P_0056,Me,Ph,pFPh,P(C)(c1ccccc1)c1ccc(F)cc1
P_0057,Me,Ph,pClPh,P(C)(c1ccccc1)c1ccc(Cl)cc1
P_0058,Me,Ph,pCF3Ph,P(C)(c1ccccc1)c1ccc(C(F)(F)F)cc1
P_0059,Me,Ph,pCNPh,P(C)(c1ccccc1)c1ccc(C#N)cc1
P_0060,Me,pMePh,pMePh,P(C)(c1ccc(C)cc1)c1ccc(C)cc1
P_0061,Me,pMePh,pOMePh,P(C)(c1ccc(C)cc1)c1ccc(OC)cc1
P_0062,Me,pMePh,pFPh,P(C)(c1ccc(C)cc1)c1ccc(F)cc1
P_0063,Me,pMePh,pClPh,P(C)(c1ccc(C)cc1)c1ccc(Cl)cc1
P_0064,Me,pMePh,pCF3Ph,P(C)(c1ccc(C)cc1)c1ccc(C(F)(F)F)cc1
P_0065,Me,pMePh,pCNPh,P(C)(c1ccc(C)cc1)c1ccc(C#N)cc1
P_0066,Me,pOMePh,pOMePh,P(C)(c1ccc(OC)cc1)c1ccc(OC)cc1
P_0067,Me,pOMePh,pFPh,P(C)(c1ccc(OC)cc1)c1ccc(F)cc1
P_0068,Me,pOMePh,pClPh,P(C)(c1ccc(OC)cc1)c1ccc(Cl)cc1
P_0069,Me,pOMePh,pCF3Ph,P(C)(c1ccc(OC)cc1)c1ccc(C(F)(F)F)cc1
P_0070,Me,pOMePh,pCNPh,P(C)(c1ccc(OC)cc1)c1ccc(C#N)cc1
P_0071,Me,pFPh,pFPh,P(C)(c1ccc(F)cc1)c1ccc(F)cc1
P_0072,Me,pFPh,pClPh,P(C)(c1ccc(F)cc1)c1ccc(Cl)cc1
P_0073,Me,pFPh,pCF3Ph,P(C)(c1ccc(F)cc1)c1ccc(C(F)(F)F)cc1
P_0074,Me,pFPh,pCNPh,P(C)(c1ccc(F)cc1)c1ccc(C#N)cc1
P_0075,Me,pClPh,pClPh,P(C)(c1ccc(Cl)cc1)c1ccc(Cl)cc1
P_0076,Me,pClPh,pCF3Ph,P(C)(c1ccc(Cl)cc1)c1ccc(C(F)(F)F)cc1
P_0077,Me,pClPh,pCNPh,P(C)(c1ccc(Cl)cc1)c1ccc(C#N)cc1
P_0078,Me,pCF3Ph,pCF3Ph,P(C)(c1ccc(C(F)(F)F)cc1)c1ccc(C(F)(F)F)cc1
P_0079,Me,pCF3Ph,pCNPh,P(C)(c1ccc(C(F)(F)F)cc1)c1ccc(C#N)cc1
P_0080,Me,pCNPh,pCNPh,P(C)(c1ccc(C#N)cc1)c1ccc(C#N)cc1
P_0081,Et,Et,Et,P(CC)(CC)CC
P_0082,Et,Et,iPr,P(CC)(CC)C(C)C
P_0083,Et,Et,tBu,P(CC)(CC)C(C)(C)C
P_0084,Et,Et,Cy,P(CC)(CC)C1CCCCC1
P_0085,Et,Et,Ph,P(CC)(CC)c1ccccc1
P_0086,Et,Et,pMePh,P(CC)(CC)c1ccc(C)cc1
P_0087,Et,Et,pOMePh,P(CC)(CC)c1ccc(OC)cc1
P_0088,Et,Et,pFPh,P(CC)(CC)c1ccc(F)cc1
P_0089,Et,Et,pClPh,P(CC)(CC)c1ccc(Cl)cc1
P_0090,Et,Et,pCF3Ph,P(CC)(CC)c1ccc(C(F)(F)F)cc1
P_0091,Et,Et,pCNPh,P(CC)(CC)c1ccc(C#N)cc1
P_0092,Et,iPr,iPr,P(CC)(C(C)C)C(C)C
P_0093,Et,iPr,tBu,P(CC)(C(C)C)C(C)(C)C
P_0094,Et,iPr,Cy,P(CC)(C(C)C)C1CCCCC1
P_0095,Et,iPr,Ph,P(CC)(C(C)C)c1ccccc1
P_0096,Et,iPr,pMePh,P(CC)(C(C)C)c1ccc(C)cc1
P_0097,Et,iPr,pOMePh,P(CC)(C(C)C)c1ccc(OC)cc1
P_0098,Et,iPr,pFPh,P(CC)(C(C)C)c1ccc(F)cc1
P_0099,Et,iPr,pClPh,P(CC)(C(C)C)c1ccc(Cl)cc1
P_0100,Et,iPr,pCF3Ph,P(CC)(C(C)C)c1ccc(C(F)(F)F)cc1
P_0101,Et,iPr,pCNPh,P(CC)(C(C)C)c1ccc(C#N)cc1
P_0102,Et,tBu,tBu,P(CC)(C(C)(C)C)C(C)(C)C
P_0103,Et,tBu,Cy,P(CC)(C(C)(C)C)C1CCCCC1
P_0104,Et,tBu,Ph,P(CC)(C(C)(C)C)c1ccccc1
P_0105,Et,tBu,pMePh,P(CC)(C(C)(C)C)c1ccc(C)cc1
P_0106,Et,tBu,pOMePh,P(CC)(C(C)(C)C)c1ccc(OC)cc1
P_0107,Et,tBu,pFPh,P(CC)(C(C)(C)C)c1ccc(F)cc1
P_0108,Et,tBu,pClPh,P(CC)(C(C)(C)C)c1ccc(Cl)cc1
P_0109,Et,tBu,pCF3Ph,P(CC)(C(C)(C)C)c1ccc(C(F)(F)F)cc1
P_0110,Et,tBu,pCNPh,P(CC)(C(C)(C)C)c1ccc(C#N)cc1
P_0111,Et,Cy,Cy,P(CC)(C1CCCCC1)C1CCCCC1
P_0112,Et,Cy,Ph,P(CC)(C1CCCCC1)c1ccccc1
P_0113,Et,Cy,pMePh,P(CC)(C1CCCCC1)c1ccc(C)cc1
P_0114,Et,Cy,pOMePh,P(CC)(C1CCCCC1)c1ccc(OC)cc1
P_0115,Et,Cy,pFPh,P(CC)(C1CCCCC1)c1ccc(F)cc1
P_0116,Et,Cy,pClPh,P(CC)(C1CCCCC1)c1ccc(Cl)cc1
P_0117,Et,Cy,pCF3Ph,P(CC)(C1CCCCC1)c1ccc(C(F)(F)F)cc1
P_0118,Et,Cy,pCNPh,P(CC)(C1CCCCC1)c1ccc(C#N)cc1
P_0119,Et,Ph,Ph,P(CC)(c1ccccc1)c1ccccc1
P_0120,Et,Ph,pMePh,P(CC)(c1ccccc1)c1ccc(C)cc1
P_0121,Et,Ph,pOMePh,P(CC)(c1ccccc1)c1ccc(OC)cc1
P_0122,Et,Ph,pFPh,P(CC)(c1ccccc1)c1ccc(F)cc1
P_0123,Et,Ph,pClPh,P(CC)(c1ccccc1)c1ccc(Cl)cc1
P_0124,Et,Ph,pCF3Ph,P(CC)(c1ccccc1)c1ccc(C(F)(F)F)cc1
P_0125,Et,Ph,pCNPh,P(CC)(c1ccccc1)c1ccc(C#N)cc1
P_0126,Et,pMePh,pMePh,P(CC)(c1ccc(C)cc1)c1ccc(C)cc1
P_0127,Et,pMePh,pOMePh,P(CC)(c1ccc(C)cc1)c1ccc(OC)cc1
P_0128,Et,pMePh,pFPh,P(CC)(c1ccc(C)cc1)c1ccc(F)cc1
P_0129,Et,pMePh,pClPh,P(CC)(c1ccc(C)cc1)c1ccc(Cl)cc1
P_0130,Et,pMePh,pCF3Ph,P(CC)(c1ccc(C)cc1)c1ccc(C(F)(F)F)cc1
P_0131,Et,pMePh,pCNPh,P(CC)(c1ccc(C)cc1)c1ccc(C#N)cc1
P_0132,Et,pOMePh,pOMePh,P(CC)(c1ccc(OC)cc1)c1ccc(OC)cc1
P_0133,Et,pOMePh,pFPh,P(CC)(c1ccc(OC)cc1)c1ccc(F)cc1
P_0134,Et,pOMePh,pClPh,P(CC)(c1ccc(OC)cc1)c1ccc(Cl)cc1
P_0135,Et,pOMePh,pCF3Ph,P(CC)(c1ccc(OC)cc1)c1ccc(C(F)(F)F)cc1
P_0136,Et,pOMePh,pCNPh,P(CC)(c1ccc(OC)cc1)c1ccc(C#N)cc1
P_0137,Et,pFPh,pFPh,P(CC)(c1ccc(F)cc1)c1ccc(F)cc1
P_0138,Et,pFPh,pClPh,P(CC)(c1ccc(F)cc1)c1ccc(Cl)cc1
P_0139,Et,pFPh,pCF3Ph,P(CC)(c1ccc(F)cc1)c1ccc(C(F)(F)F)cc1
P_0140,Et,pFPh,pCNPh,P(CC)(c1ccc(F)cc1)c1ccc(C#N)cc1
P_0141,Et,pClPh,pClPh,P(CC)(c1ccc(Cl)cc1)c1ccc(Cl)cc1
P_0142,Et,pClPh,pCF3Ph,P(CC)(c1ccc(Cl)cc1)c1ccc(C(F)(F)F)cc1
P_0143,Et,pClPh,pCNPh,P(CC)(c1ccc(Cl)cc1)c1ccc(C#N)cc1
P_0144,Et,pCF3Ph,pCF3Ph,P(CC)(c1ccc(C(F)(F)F)cc1)c1ccc(C(F)(F)F)cc1
P_0145,Et,pCF3Ph,pCNPh,P(CC)(c1ccc(C(F)(F)F)cc1)c1ccc(C#N)cc1
P_0146,Et,pCNPh,pCNPh,P(CC)(c1ccc(C#N)cc1)c1ccc(C#N)cc1
P_0147,iPr,iPr,iPr,P(C(C)C)(C(C)C)C(C)C
P_0148,iPr,iPr,tBu,P(C(C)C)(C(C)C)C(C)(C)C
P_0149,iPr,iPr,Cy,P(C(C)C)(C(C)C)C1CCCCC1
P_0150,iPr,iPr,Ph,P(C(C)C)(C(C)C)c1ccccc1
P_0151,iPr,iPr,pMePh,P(C(C)C)(C(C)C)c1ccc(C)cc1
P_0152,iPr,iPr,pOMePh,P(C(C)C)(C(C)C)c1ccc(OC)cc1
P_0153,iPr,iPr,pFPh,P(C(C)C)(C(C)C)c1ccc(F)cc1
P_0154,iPr,iPr,pClPh,P(C(C)C)(C(C)C)c1ccc(Cl)cc1
P_0155,iPr,iPr,pCF3Ph,P(C(C)C)(C(C)C)c1ccc(C(F)(F)F)cc1
P_0156,iPr,iPr,pCNPh,P(C(C)C)(C(C)C)c1ccc(C#N)cc1
P_0157,iPr,tBu,tBu,P(C(C)C)(C(C)(C)C)C(C)(C)C
P_0158,iPr,tBu,Cy,P(C(C)C)(C(C)(C)C)C1CCCCC1
P_0159,iPr,tBu,Ph,P(C(C)C)(C(C)(C)C)c1ccccc1
P_0160,iPr,tBu,pMePh,P(C(C)C)(C(C)(C)C)c1ccc(C)cc1
P_0161,iPr,tBu,pOMePh,P(C(C)C)(C(C)(C)C)c1ccc(OC)cc1
P_0162,iPr,tBu,pFPh,P(C(C)C)(C(C)(C)C)c1ccc(F)cc1
P_0163,iPr,tBu,pClPh,P(C(C)C)(C(C)(C)C)c1ccc(Cl)cc1
P_0164,iPr,tBu,pCF3Ph,P(C(C)C)(C(C)(C)C)c1ccc(C(F)(F)F)cc1
P_0165,iPr,tBu,pCNPh,P(C(C)C)(C(C)(C)C)c1ccc(C#N)cc1
P_0166,iPr,Cy,Cy,P(C(C)C)(C1CCCCC1)C1CCCCC1
P_0167,iPr,Cy,Ph,P(C(C)C)(C1CCCCC1)c1ccccc1
P_0168,iPr,Cy,pMePh,P(C(C)C)(C1CCCCC1)c1ccc(C)cc1
P_0169,iPr,Cy,pOMePh,P(C(C)C)(C1CCCCC1)c1ccc(OC)cc1
P_0170,iPr,Cy,pFPh,P(C(C)C)(C1CCCCC1)c1ccc(F)cc1
P_0171,iPr,Cy,pClPh,P(C(C)C)(C1CCCCC1)c1ccc(Cl)cc1
P_0172,iPr,Cy,pCF3Ph,P(C(C)C)(C1CCCCC1)c1ccc(C(F)(F)F)cc1
P_0173,iPr,Cy,pCNPh,P(C(C)C)(C1CCCCC1)c1ccc(C#N)cc1
P_0174,iPr,Ph,Ph,P(C(C)C)(c1ccccc1)c1ccccc1
P_0175,iPr,Ph,pMePh,P(C(C)C)(c1ccccc1)c1ccc(C)cc1
P_0176,iPr,Ph,pOMePh,P(C(C)C)(c1ccccc1)c1ccc(OC)cc1
P_0177,iPr,Ph,pFPh,P(C(C)C)(c1ccccc1)c1ccc(F)cc1
P_0178,iPr,Ph,pClPh,P(C(C)C)(c1ccccc1)c1ccc(Cl)cc1
P_0179,iPr,Ph,pCF3Ph,P(C(C)C)(c1ccccc1)c1ccc(C(F)(F)F)cc1
P_0180,iPr,Ph,pCNPh,P(C(C)C)(c1ccccc1)c1ccc(C#N)cc1
P_0181,iPr,pMePh,pMePh,P(C(C)C)(c1ccc(C)cc1)c1ccc(C)cc1
P_0182,iPr,pMePh,pOMePh,P(C(C)C)(c1ccc(C)cc1)c1ccc(OC)cc1
P_0183,iPr,pMePh,pFPh,P(C(C)C)(c1ccc(C)cc1)c1ccc(F)cc1
P_0184,iPr,pMePh,pClPh,P(C(C)C)(c1ccc(C)cc1)c1ccc(Cl)cc1
P_0185,iPr,pMePh,pCF3Ph,P(C(C)C)(c1ccc(C)cc1)c1ccc(C(F)(F)F)cc1
P_0186,iPr,pMePh,pCNPh,P(C(C)C)(c1ccc(C)cc1)c1ccc(C#N)cc1
P_0187,iPr,pOMePh,pOMePh,P(C(C)C)(c1ccc(OC)cc1)c1ccc(OC)cc1
P_0188,iPr,pOMePh,pFPh,P(C(C)C)(c1ccc(OC)cc1)c1ccc(F)cc1
P_0189,iPr,pOMePh,pClPh,P(C(C)C)(c1ccc(OC)cc1)c1ccc(Cl)cc1
P_0190,iPr,pOMePh,pCF3Ph,P(C(C)C)(c1ccc(OC)cc1)c1ccc(C(F)(F)F)cc1
P_0191,iPr,pOMePh,pCNPh,P(C(C)C)(c1ccc(OC)cc1)c1ccc(C#N)cc1
P_0192,iPr,pFPh,pFPh,P(C(C)C)(c1ccc(F)cc1)c1ccc(F)cc1
P_0193,iPr,pFPh,pClPh,P(C(C)C)(c1ccc(F)cc1)c1ccc(Cl)cc1
P_0194,iPr,pFPh,pCF3Ph,P(C(C)C)(c1ccc(F)cc1)c1ccc(C(F)(F)F)cc1
P_0195,iPr,pFPh,pCNPh,P(C(C)C)(c1ccc(F)cc1)c1ccc(C#N)cc1
P_0196,iPr,pClPh,pClPh,P(C(C)C)(c1ccc(Cl)cc1)c1ccc(Cl)cc1
P_0197,iPr,pClPh,pCF3Ph,P(C(C)C)(c1ccc(Cl)cc1)c1ccc(C(F)(F)F)cc1
P_0198,iPr,pClPh,pCNPh,P(C(C)C)(c1ccc(Cl)cc1)c1ccc(C#N)cc1
P_0199,iPr,pCF3Ph,pCF3Ph,P(C(C)C)(c1ccc(C(F)(F)F)cc1)c1ccc(C(F)(F)F)cc1
P_0200,iPr,pCF3Ph,pCNPh,P(C(C)C)(c1ccc(C(F)(F)F)cc1)c1ccc(C#N)cc1
P_0201,iPr,pCNPh,pCNPh,P(C(C)C)(c1ccc(C#N)cc1)c1ccc(C#N)cc1
P_0202,tBu,tBu,tBu,P(C(C)(C)C)(C(C)(C)C)C(C)(C)C
P_0203,tBu,tBu,Cy,P(C(C)(C)C)(C(C)(C)C)C1CCCCC1
P_0204,tBu,tBu,pMePh,P(C(C)(C)C)(C(C)(C)C)c1ccc(C)cc1
P_0205,tBu,tBu,pOMePh,P(C(C)(C)C)(C(C)(C)C)c1ccc(OC)cc1
P_0206,tBu,tBu,pFPh,P(C(C)(C)C)(C(C)(C)C)c1ccc(F)cc1
P_0207,tBu,tBu,pClPh,P(C(C)(C)C)(C(C)(C)C)c1ccc(Cl)cc1
P_0208,tBu,tBu,pCF3Ph,P(C(C)(C)C)(C(C)(C)C)c1ccc(C(F)(F)F)cc1
P_0209,tBu,tBu,pCNPh,P(C(C)(C)C)(C(C)(C)C)c1ccc(C#N)cc1
P_0210,tBu,Cy,Cy,P(C(C)(C)C)(C1CCCCC1)C1CCCCC1
P_0211,tBu,Cy,Ph,P(C(C)(C)C)(C1CCCCC1)c1ccccc1
P_0212,tBu,Cy,pMePh,P(C(C)(C)C)(C1CCCCC1)c1ccc(C)cc1
P_0213,tBu,Cy,pOMePh,P(C(C)(C)C)(C1CCCCC1)c1ccc(OC)cc1
P_0214,tBu,Cy,pFPh,P(C(C)(C)C)(C1CCCCC1)c1ccc(F)cc1
P_0215,tBu,Cy,pClPh,P(C(C)(C)C)(C1CCCCC1)c1ccc(Cl)cc1
P_0216,tBu,Cy,pCF3Ph,P(C(C)(C)C)(C1CCCCC1)c1ccc(C(F)(F)F)cc1
P_0217,tBu,Cy,pCNPh,P(C(C)(C)C)(C1CCCCC1)c1ccc(C#N)cc1
P_0218,tBu,Ph,Ph,P(C(C)(C)C)(c1ccccc1)c1ccccc1
P_0219,tBu,Ph,pMePh,P(C(C)(C)C)(c1ccccc1)c1ccc(C)cc1
P_0220,tBu,Ph,pOMePh,P(C(C)(C)C)(c1ccccc1)c1ccc(OC)cc1
P_0221,tBu,Ph,pFPh,P(C(C)(C)C)(c1ccccc1)c1ccc(F)cc1
P_0222,tBu,Ph,pClPh,P(C(C)(C)C)(c1ccccc1)c1ccc(Cl)cc1
P_0223,tBu,Ph,pCF3Ph,P(C(C)(C)C)(c1ccccc1)c1ccc(C(F)(F)F)cc1
P_0224,tBu,Ph,pCNPh,P(C(C)(C)C)(c1ccccc1)c1ccc(C#N)cc1
P_0225,tBu,pMePh,pMePh,P(C(C)(C)C)(c1ccc(C)cc1)c1ccc(C)cc1
P_0226,tBu,pMePh,pOMePh,P(C(C)(C)C)(c1ccc(C)cc1)c1ccc(OC)cc1
P_0227,tBu,pMePh,pFPh,P(C(C)(C)C)(c1ccc(C)cc1)c1ccc(F)cc1
P_0228,tBu,pMePh,pClPh,P(C(C)(C)C)(c1ccc(C)cc1)c1ccc(Cl)cc1
P_0229,tBu,pMePh,pCF3Ph,P(C(C)(C)C)(c1ccc(C)cc1)c1ccc(C(F)(F)F)cc1
P_0230,tBu,pMePh,pCNPh,P(C(C)(C)C)(c1ccc(C)cc1)c1ccc(C#N)cc1
P_0231,tBu,pOMePh,pOMePh,P(C(C)(C)C)(c1ccc(OC)cc1)c1ccc(OC)cc1
P_0232,tBu,pOMePh,pFPh,P(C(C)(C)C)(c1ccc(OC)cc1)c1ccc(F)cc1
P_0233,tBu,pOMePh,pClPh,P(C(C)(C)C)(c1ccc(OC)cc1)c1ccc(Cl)cc1
P_0234,tBu,pOMePh,pCF3Ph,P(C(C)(C)C)(c1ccc(OC)cc1)c1ccc(C(F)(F)F)cc1
P_0235,tBu,pOMePh,pCNPh,P(C(C)(C)C)(c1ccc(OC)cc1)c1ccc(C#N)cc1
P_0236,tBu,pFPh,pFPh,P(C(C)(C)C)(c1ccc(F)cc1)c1ccc(F)cc1
P_0237,tBu,pFPh,pClPh,P(C(C)(C)C)(c1ccc(F)cc1)c1ccc(Cl)cc1
P_0238,tBu,pFPh,pCF3Ph,P(C(C)(C)C)(c1ccc(F)cc1)c1ccc(C(F)(F)F)cc1
P_0239,tBu,pFPh,pCNPh,P(C(C)(C)C)(c1ccc(F)cc1)c1ccc(C#N)cc1
P_0240,tBu,pClPh,pClPh,P(C(C)(C)C)(c1ccc(Cl)cc1)c1ccc(Cl)cc1
P_0241,tBu,pClPh,pCF3Ph,P(C(C)(C)C)(c1ccc(Cl)cc1)c1ccc(C(F)(F)F)cc1
P_0242,tBu,pClPh,pCNPh,P(C(C)(C)C)(c1ccc(Cl)cc1)c1ccc(C#N)cc1
P_0243,tBu,pCF3Ph,pCF3Ph,P(C(C)(C)C)(c1ccc(C(F)(F)F)cc1)c1ccc(C(F)(F)F)cc1
P_0244,tBu,pCF3Ph,pCNPh,P(C(C)(C)C)(c1ccc(C(F)(F)F)cc1)c1ccc(C#N)cc1
P_0245,tBu,pCNPh,pCNPh,P(C(C)(C)C)(c1ccc(C#N)cc1)c1ccc(C#N)cc1
P_0246,Cy,Cy,Cy,P(C1CCCCC1)(C1CCCCC1)C1CCCCC1
P_0247,Cy,Cy,Ph,P(C1CCCCC1)(C1CCCCC1)c1ccccc1
P_0248,Cy,Cy,pMePh,P(C1CCCCC1)(C1CCCCC1)c1ccc(C)cc1
P_0249,Cy,Cy,pOMePh,P(C1CCCCC1)(C1CCCCC1)c1ccc(OC)cc1
P_0250,Cy,Cy,pFPh,P(C1CCCCC1)(C1CCCCC1)c1ccc(F)cc1
P_0251,Cy,Cy,pClPh,P(C1CCCCC1)(C1CCCCC1)c1ccc(Cl)cc1
P_0252,Cy,Cy,pCF3Ph,P(C1CCCCC1)(C1CCCCC1)c1ccc(C(F)(F)F)cc1
P_0253,Cy,Cy,pCNPh,P(C1CCCCC1)(C1CCCCC1)c1ccc(C#N)cc1
P_0254,Cy,Ph,Ph,P(C1CCCCC1)(c1ccccc1)c1ccccc1
P_0255,Cy,Ph,pMePh,P(C1CCCCC1)(c1ccccc1)c1ccc(C)cc1
P_0256,Cy,Ph,pOMePh,P(C1CCCCC1)(c1ccccc1)c1ccc(OC)cc1
P_0257,Cy,Ph,pFPh,P(C1CCCCC1)(c1ccccc1)c1ccc(F)cc1
P_0258,Cy,Ph,pClPh,P(C1CCCCC1)(c1ccccc1)c1ccc(Cl)cc1
P_0259,Cy,Ph,pCF3Ph,P(C1CCCCC1)(c1ccccc1)c1ccc(C(F)(F)F)cc1
P_0260,Cy,Ph,pCNPh,P(C1CCCCC1)(c1ccccc1)c1ccc(C#N)cc1
P_0261,Cy,pMePh,pMePh,P(C1CCCCC1)(c1ccc(C)cc1)c1ccc(C)cc1
P_0262,Cy,pMePh,pOMePh,P(C1CCCCC1)(c1ccc(C)cc1)c1ccc(OC)cc1
P_0263,Cy,pMePh,pFPh,P(C1CCCCC1)(c1ccc(C)cc1)c1ccc(F)cc1
P_0264,Cy,pMePh,pClPh,P(C1CCCCC1)(c1ccc(C)cc1)c1ccc(Cl)cc1
P_0265,Cy,pMePh,pCF3Ph,P(C1CCCCC1)(c1ccc(C)cc1)c1ccc(C(F)(F)F)cc1
P_0266,Cy,pMePh,pCNPh,P(C1CCCCC1)(c1ccc(C)cc1)c1ccc(C#N)cc1
P_0267,Cy,pOMePh,pOMePh,P(C1CCCCC1)(c1ccc(OC)cc1)c1ccc(OC)cc1
P_0268,Cy,pOMePh,pFPh,P(C1CCCCC1)(c1ccc(OC)cc1)c1ccc(F)cc1
P_0269,Cy,pOMePh,pClPh,P(C1CCCCC1)(c1ccc(OC)cc1)c1ccc(Cl)cc1
P_0270,Cy,pOMePh,pCF3Ph,P(C1CCCCC1)(c1ccc(OC)cc1)c1ccc(C(F)(F)F)cc1
P_0271,Cy,pOMePh,pCNPh,P(C1CCCCC1)(c1ccc(OC)cc1)c1ccc(C#N)cc1
P_0272,Cy,pFPh,pFPh,P(C1CCCCC1)(c1ccc(F)cc1)c1ccc(F)cc1
P_0273,Cy,pFPh,pClPh,P(C1CCCCC1)(c1ccc(F)cc1)c1ccc(Cl)cc1
P_0274,Cy,pFPh,pCF3Ph,P(C1CCCCC1)(c1ccc(F)cc1)c1ccc(C(F)(F)F)cc1
P_0275,Cy,pFPh,pCNPh,P(C1CCCCC1)(c1ccc(F)cc1)c1ccc(C#N)cc1
P_0276,Cy,pClPh,pClPh,P(C1CCCCC1)(c1ccc(Cl)cc1)c1ccc(Cl)cc1
P_0277,Cy,pClPh,pCF3Ph,P(C1CCCCC1)(c1ccc(Cl)cc1)c1ccc(C(F)(F)F)cc1
P_0278,Cy,pClPh,pCNPh,P(C1CCCCC1)(c1ccc(Cl)cc1)c1ccc(C#N)cc1
P_0279,Cy,pCF3Ph,pCF3Ph,P(C1CCCCC1)(c1ccc(C(F)(F)F)cc1)c1ccc(C(F)(F)F)cc1
P_0280,Cy,pCF3Ph,pCNPh,P(C1CCCCC1)(c1ccc(C(F)(F)F)cc1)c1ccc(C#N)cc1
P_0281,Cy,pCNPh,pCNPh,P(C1CCCCC1)(c1ccc(C#N)cc1)c1ccc(C#N)cc1
P_0282,Ph,Ph,pMePh,P(c1ccccc1)(c1ccccc1)c1ccc(C)cc1
P_0283,Ph,Ph,pOMePh,P(c1ccccc1)(c1ccccc1)c1ccc(OC)cc1
P_0284,Ph,Ph,pFPh,P(c1ccccc1)(c1ccccc1)c1ccc(F)cc1
P_0285,Ph,Ph,pClPh,P(c1ccccc1)(c1ccccc1)c1ccc(Cl)cc1
P_0286,Ph,Ph,pCF3Ph,P(c1ccccc1)(c1ccccc1)c1ccc(C(F)(F)F)cc1
P_0287,Ph,Ph,pCNPh,P(c1ccccc1)(c1ccccc1)c1ccc(C#N)cc1
P_0288,Ph,pMePh,pMePh,P(c1ccccc1)(c1ccc(C)cc1)c1ccc(C)cc1
P_0289,Ph,pMePh,pOMePh,P(c1ccccc1)(c1ccc(C)cc1)c1ccc(OC)cc1
P_0290,Ph,pMePh,pFPh,P(c1ccccc1)(c1ccc(C)cc1)c1ccc(F)cc1
P_0291,Ph,pMePh,pClPh,P(c1ccccc1)(c1ccc(C)cc1)c1ccc(Cl)cc1
P_0292,Ph,pMePh,pCF3Ph,P(c1ccccc1)(c1ccc(C)cc1)c1ccc(C(F)(F)F)cc1
P_0293,Ph,pMePh,pCNPh,P(c1ccccc1)(c1ccc(C)cc1)c1ccc(C#N)cc1
P_0294,Ph,pOMePh,pOMePh,P(c1ccccc1)(c1ccc(OC)cc1)c1ccc(OC)cc1
P_0295,Ph,pOMePh,pFPh,P(c1ccccc1)(c1ccc(OC)cc1)c1ccc(F)cc1
P_0296,Ph,pOMePh,pClPh,P(c1ccccc1)(c1ccc(OC)cc1)c1ccc(Cl)cc1
P_0297,Ph,pOMePh,pCF3Ph,P(c1ccccc1)(c1ccc(OC)cc1)c1ccc(C(F)(F)F)cc1
P_0298,Ph,pOMePh,pCNPh,P(c1ccccc1)(c1ccc(OC)cc1)c1ccc(C#N)cc1
P_0299,Ph,pFPh,pFPh,P(c1ccccc1)(c1ccc(F)cc1)c1ccc(F)cc1
P_0300,Ph,pFPh,pClPh,P(c1ccccc1)(c1ccc(F)cc1)c1ccc(Cl)cc1
P_0301,Ph,pFPh,pCF3Ph,P(c1ccccc1)(c1ccc(F)cc1)c1ccc(C(F)(F)F)cc1
P_0302,Ph,pFPh,pCNPh,P(c1ccccc1)(c1ccc(F)cc1)c1ccc(C#N)cc1
P_0303,Ph,pClPh,pClPh,P(c1ccccc1)(c1ccc(Cl)cc1)c1ccc(Cl)cc1
P_0304,Ph,pClPh,pCF3Ph,P(c1ccccc1)(c1ccc(Cl)cc1)c1ccc(C(F)(F)F)cc1
P_0305,Ph,pClPh,pCNPh,P(c1ccccc1)(c1ccc(Cl)cc1)c1ccc(C#N)cc1
P_0306,Ph,pCF3Ph,pCF3Ph,P(c1ccccc1)(c1ccc(C(F)(F)F)cc1)c1ccc(C(F)(F)F)cc1
P_0307,Ph,pCF3Ph,pCNPh,P(c1ccccc1)(c1ccc(C(F)(F)F)cc1)c1ccc(C#N)cc1
P_0308,Ph,pCNPh,pCNPh,P(c1ccccc1)(c1ccc(C#N)cc1)c1ccc(C#N)cc1
P_0309,pMePh,pMePh,pMePh,P(c1ccc(C)cc1)(c1ccc(C)cc1)c1ccc(C)cc1
P_0310,pMePh,pMePh,pOMePh,P(c1ccc(C)cc1)(c1ccc(C)cc1)c1ccc(OC)cc1
P_0311,pMePh,pMePh,pFPh,P(c1ccc(C)cc1)(c1ccc(C)cc1)c1ccc(F)cc1
P_0312,pMePh,pMePh,pClPh,P(c1ccc(C)cc1)(c1ccc(C)cc1)c1ccc(Cl)cc1
P_0313,pMePh,pMePh,pCF3Ph,P(c1ccc(C)cc1)(c1ccc(C)cc1)c1ccc(C(F)(F)F)cc1
P_0314,pMePh,pMePh,pCNPh,P(c1ccc(C)cc1)(c1ccc(C)cc1)c1ccc(C#N)cc1
P_0315,pMePh,pOMePh,pOMePh,P(c1ccc(C)cc1)(c1ccc(OC)cc1)c1ccc(OC)cc1
P_0316,pMePh,pOMePh,pFPh,P(c1ccc(C)cc1)(c1ccc(OC)cc1)c1ccc(F)cc1
P_0317,pMePh,pOMePh,pClPh,P(c1ccc(C)cc1)(c1ccc(OC)cc1)c1ccc(Cl)cc1
P_0318,pMePh,pOMePh,pCF3Ph,P(c1ccc(C)cc1)(c1ccc(OC)cc1)c1ccc(C(F)(F)F)cc1
P_0319,pMePh,pOMePh,pCNPh,P(c1ccc(C)cc1)(c1ccc(OC)cc1)c1ccc(C#N)cc1
P_0320,pMePh,pFPh,pFPh,P(c1ccc(C)cc1)(c1ccc(F)cc1)c1ccc(F)cc1
P_0321,pMePh,pFPh,pClPh,P(c1ccc(C)cc1)(c1ccc(F)cc1)c1ccc(Cl)cc1
P_0322,pMePh,pFPh,pCF3Ph,P(c1ccc(C)cc1)(c1ccc(F)cc1)c1ccc(C(F)(F)F)cc1
P_0323,pMePh,pFPh,pCNPh,P(c1ccc(C)cc1)(c1ccc(F)cc1)c1ccc(C#N)cc1
P_0324,pMePh,pClPh,pClPh,P(c1ccc(C)cc1)(c1ccc(Cl)cc1)c1ccc(Cl)cc1
P_0325,pMePh,pClPh,pCF3Ph,P(c1ccc(C)cc1)(c1ccc(Cl)cc1)c1ccc(C(F)(F)F)cc1
P_0326,pMePh,pClPh,pCNPh,P(c1ccc(C)cc1)(c1ccc(Cl)cc1)c1ccc(C#N)cc1
P_0327,pMePh,pCF3Ph,pCF3Ph,P(c1ccc(C)cc1)(c1ccc(C(F)(F)F)cc1)c1ccc(C(F)(F)F)cc1
P_0328,pMePh,pCF3Ph,pCNPh,P(c1ccc(C)cc1)(c1ccc(C(F)(F)F)cc1)c1ccc(C#N)cc1
P_0329,pMePh,pCNPh,pCNPh,P(c1ccc(C)cc1)(c1ccc(C#N)cc1)c1ccc(C#N)cc1
P_0330,pOMePh,pOMePh,pOMePh,P(c1ccc(OC)cc1)(c1ccc(OC)cc1)c1ccc(OC)cc1
P_0331,pOMePh,pOMePh,pFPh,P(c1ccc(OC)cc1)(c1ccc(OC)cc1)c1ccc(F)cc1
P_0332,pOMePh,pOMePh,pClPh,P(c1ccc(OC)cc1)(c1ccc(OC)cc1)c1ccc(Cl)cc1
P_0333,pOMePh,pOMePh,pCF3Ph,P(c1ccc(OC)cc1)(c1ccc(OC)cc1)c1ccc(C(F)(F)F)cc1
P_0334,pOMePh,pOMePh,pCNPh,P(c1ccc(OC)cc1)(c1ccc(OC)cc1)c1ccc(C#N)cc1
P_0335,pOMePh,pFPh,pFPh,P(c1ccc(OC)cc1)(c1ccc(F)cc1)c1ccc(F)cc1
P_0336,pOMePh,pFPh,pClPh,P(c1ccc(OC)cc1)(c1ccc(F)cc1)c1ccc(Cl)cc1
P_0337,pOMePh,pFPh,pCF3Ph,P(c1ccc(OC)cc1)(c1ccc(F)cc1)c1ccc(C(F)(F)F)cc1
P_0338,pOMePh,pFPh,pCNPh,P(c1ccc(OC)cc1)(c1ccc(F)cc1)c1ccc(C#N)cc1
P_0339,pOMePh,pClPh,pClPh,P(c1ccc(OC)cc1)(c1ccc(Cl)cc1)c1ccc(Cl)cc1
P_0340,pOMePh,pClPh,pCF3Ph,P(c1ccc(OC)cc1)(c1ccc(Cl)cc1)c1ccc(C(F)(F)F)cc1
P_0341,pOMePh,pClPh,pCNPh,P(c1ccc(OC)cc1)(c1ccc(Cl)cc1)c1ccc(C#N)cc1
P_0342,pOMePh,pCF3Ph,pCF3Ph,P(c1ccc(OC)cc1)(c1ccc(C(F)(F)F)cc1)c1ccc(C(F)(F)F)cc1
P_0343,pOMePh,pCF3Ph,pCNPh,P(c1ccc(OC)cc1)(c1ccc(C(F)(F)F)cc1)c1ccc(C#N)cc1
P_0344,pOMePh,pCNPh,pCNPh,P(c1ccc(OC)cc1)(c1ccc(C#N)cc1)c1ccc(C#N)cc1
P_0345,pFPh,pFPh,pFPh,P(c1ccc(F)cc1)(c1ccc(F)cc1)c1ccc(F)cc1
P_0346,pFPh,pFPh,pClPh,P(c1ccc(F)cc1)(c1ccc(F)cc1)c1ccc(Cl)cc1
P_0347,pFPh,pFPh,pCF3Ph,P(c1ccc(F)cc1)(c1ccc(F)cc1)c1ccc(C(F)(F)F)cc1
P_0348,pFPh,pFPh,pCNPh,P(c1ccc(F)cc1)(c1ccc(F)cc1)c1ccc(C#N)cc1
P_0349,pFPh,pClPh,pClPh,P(c1ccc(F)cc1)(c1ccc(Cl)cc1)c1ccc(Cl)cc1
P_0350,pFPh,pClPh,pCF3Ph,P(c1ccc(F)cc1)(c1ccc(Cl)cc1)c1ccc(C(F)(F)F)cc1
P_0351,pFPh,pClPh,pCNPh,P(c1ccc(F)cc1)(c1ccc(Cl)cc1)c1ccc(C#N)cc1
P_0352,pFPh,pCF3Ph,pCF3Ph,P(c1ccc(F)cc1)(c1ccc(C(F)(F)F)cc1)c1ccc(C(F)(F)F)cc1
P_0353,pFPh,pCF3Ph,pCNPh,P(c1ccc(F)cc1)(c1ccc(C(F)(F)F)cc1)c1ccc(C#N)cc1
P_0354,pFPh,pCNPh,pCNPh,P(c1ccc(F)cc1)(c1ccc(C#N)cc1)c1ccc(C#N)cc1
P_0355,pClPh,pClPh,pClPh,P(c1ccc(Cl)cc1)(c1ccc(Cl)cc1)c1ccc(Cl)cc1
P_0356,pClPh,pClPh,pCF3Ph,P(c1ccc(Cl)cc1)(c1ccc(Cl)cc1)c1ccc(C(F)(F)F)cc1
P_0357,pClPh,pClPh,pCNPh,P(c1ccc(Cl)cc1)(c1ccc(Cl)cc1)c1ccc(C#N)cc1
P_0358,pClPh,pCF3Ph,pCF3Ph,P(c1ccc(Cl)cc1)(c1ccc(C(F)(F)F)cc1)c1ccc(C(F)(F)F)cc1
P_0359,pClPh,pCF3Ph,pCNPh,P(c1ccc(Cl)cc1)(c1ccc(C(F)(F)F)cc1)c1ccc(C#N)cc1
P_0360,pClPh,pCNPh,pCNPh,P(c1ccc(Cl)cc1)(c1ccc(C#N)cc1)c1ccc(C#N)cc1
P_0361,pCF3Ph,pCF3Ph,pCF3Ph,P(c1ccc(C(F)(F)F)cc1)(c1ccc(C(F)(F)F)cc1)c1ccc(C(F)(F)F)cc1
P_0362,pCF3Ph,pCF3Ph,pCNPh,P(c1ccc(C(F)(F)F)cc1)(c1ccc(C(F)(F)F)cc1)c1ccc(C#N)cc1
P_0363,pCF3Ph,pCNPh,pCNPh,P(c1ccc(C(F)(F)F)cc1)(c1ccc(C#N)cc1)c1ccc(C#N)cc1
P_0364,pCNPh,pCNPh,pCNPh,P(c1ccc(C#N)cc1)(c1ccc(C#N)cc1)c1ccc(C#N)cc1
