role,short_name,full_name,CAS,MW_g_per_mol,availability
starting_material,SM,Starting material / substrate (see CAS),75400-61-2,209.25,ordered
catalyst,Ru bpy Cl,"Tris(2,2'-bipyridine)ruthenium(II) chloride, [Ru(bpy)3]Cl2",50525-27-4,748.62,Available
catalyst,Ru bpy PF6,"Tris(2,2'-bipyridine)ruthenium(II) hexafluorophosphate, [Ru(bpy)3](PF6)2",60804-74-2,859.55,Available
catalyst,Ir ppy,"Tris(2-phenylpyridine)iridium(III), Ir(ppy)3",94928-86-6,654.78,Available
catalyst,Ir CF3 ppy,Ir[dF(CF3)ppy]2(dtbbpy)PF6,870987-63-6,1121.91,Available
catalyst,4CzIPN,"2,4,5,6-Tetrakis(9H-carbazol-9-yl)isophthalonitrile",1416881-52-1,763.9,Available
activator,TFAA,Trifluoroacetic anhydride,407-25-0,210.03,Available
oxydant,py NO,Pyridine N-oxide,694-59-7,95.1,Available
oxydant,4-Ph py NO,4-Phenylpyridine N-oxide,1131-61-9,171.2,Available
