eval_in_export,param_candidate_id,obj_selectivity_proxy,obj_capacity_proxy,result_id,suggestion_id,created_at,phase,new_eval,candidate,selectivity_proxy,capacity_proxy_cm3_g,scalarized_desirability,best_so_far
1,pcu|N295|E88,1.0,1.52422,bca5e989-f658-4039-a643-408bc41e35ab,,2026-08-12T16:35:47.105103+00:00,seed,0,pcu_N295_E88,1.0,1.52422,0.47121495186919327,0.47121495186919327
2,pcu|N295|E73,1.0,1.23157,a0ddc15b-63fa-4716-9c39-fd3f5d35c969,,2026-08-12T16:35:47.105116+00:00,seed,0,pcu_N295_E73,1.0,1.23157,0.4326967572887309,0.47121495186919327
3,pcu|N59|E88,1.0,1.15889,365bf706-dbc5-45f3-ac3c-789327084db5,,2026-08-12T16:35:47.105124+00:00,seed,0,pcu_N59_E88,1.0,1.15889,0.4222959206118935,0.47121495186919327
4,pcu|N59|E85,1.0,1.03986,28f1cef1-9bcf-4a3a-86d3-7a797b45dc86,,2026-08-12T16:35:47.105131+00:00,seed,0,pcu_N59_E85,1.0,1.03986,0.4043802617666803,0.47121495186919327
5,pcu|N59|E73,1.0,0.926527,904644c7-8d05-4ed9-8af8-42e9989da9d1,,2026-08-12T16:35:47.105138+00:00,seed,0,pcu_N59_E73,1.0,0.926527,0.38613861263124866,0.47121495186919327
6,pcu|N295|E177,0.9341337807673986,1.8325,a5e87afe-6788-491f-9c9f-6cdaf9e1b4cd,,2026-08-12T16:35:47.105145+00:00,seed,0,pcu_N295_E177,0.9341337807673986,1.8325,0.4869260841444052,0.4869260841444052
7,pcu|N295|E85,0.948510625994111,1.35866,0b5b5af2-67f5-4d64-8d38-9918c0d2b32f,,2026-08-12T16:35:47.105152+00:00,seed,0,pcu_N295_E85,0.948510625994111,1.35866,0.4359830810712769,0.4869260841444052
8,pcu|N295|E226,1.0,0.523159,54ea18c5-e0ea-477d-9a81-8899752a0afa,,2026-08-12T16:35:47.105158+00:00,seed,0,pcu_N295_E226,1.0,0.523159,0.30722282647812826,0.4869260841444052
9,pcu|N59|E177,0.7915711544709508,1.44941,6bbbed33-f24a-459d-a0af-0502a757568a,,2026-08-12T16:35:47.105166+00:00,seed,0,pcu_N59_E177,0.7915711544709508,1.44941,0.4013936310312046,0.4869260841444052
10,pcu|N295|E174,0.5490265191803749,1.84969,10f4fb6f-bd91-45f4-9f83-e266ecdbe1d2,,2026-08-12T16:35:47.105172+00:00,seed,0,pcu_N295_E174,0.5490265191803749,1.84969,0.35530029890600423,0.4869260841444052
11,pcu|N295|E129,0.4265130920560809,2.99354,c9814143-c401-4db3-9634-e04cb628625d,,2026-08-12T16:35:47.105179+00:00,seed,0,pcu_N295_E129,0.4265130920560809,2.99354,0.37019746986272917,0.4869260841444052
12,pcu|N295|E78,0.3748211340634533,3.31831,8fcf4409-1d09-4279-b873-79c63b02cf75,,2026-08-12T16:35:47.105186+00:00,seed,0,pcu_N295_E78,0.3748211340634533,3.31831,0.3569942528097366,0.4869260841444052
13,pcu|N295|E4,0.2807803317417302,4.02068,230c1e23-0634-43b6-bdf1-99a3d041fbe5,,2026-08-12T16:35:47.105193+00:00,seed,0,pcu_N295_E4,0.2807803317417302,4.02068,0.32414536320432413,0.4869260841444052
14,pcu|N59|E129,0.30404293917071,2.48678,9ebbfe65-b7bc-457e-b92b-aacac881657e,,2026-08-12T16:35:47.105200+00:00,seed,0,pcu_N59_E129,0.30404293917071,2.48678,0.2805536347696321,0.4869260841444052
15,pcu|N295|E161,0.0054053626023808,5.02762,f3340959-824d-485d-b918-38e0a3f2ac2f,,2026-08-12T16:35:47.105206+00:00,seed,0,pcu_N295_E161,0.0054053626023808,5.02762,0.03313140685264564,0.4869260841444052
16,pcu|N16|E129,0.0767305229396054,2.7663,af67c393-1e2e-4f12-8309-8d512b86be4b,e53d48d0-7d06-4824-8b53-29375dc50b2c,2026-08-12T16:35:53.352021+00:00,new,1,pcu_N16_E129,0.0767305229396054,2.7663,0.128156490368542,0.4869260841444052
17,pcu|N16|E133,0.239743302180367,2.38792,e8ffe8a2-3766-4baa-9373-1f9a99dd915b,492bd5ac-23ee-4973-b747-7c92d1232e70,2026-08-12T16:35:56.017576+00:00,new,2,pcu_N16_E133,0.239743302180367,2.38792,0.23936232737472266,0.4869260841444052
18,pcu|N16|E147,0.7243194226128665,1.88175,e266b954-2e90-45c0-bc26-e8428a3239e5,fceeb0df-49ef-4231-8fe8-70270aae2974,2026-08-12T16:35:57.905003+00:00,new,3,pcu_N16_E147,0.7243194226128665,1.88175,0.42245732859755447,0.4869260841444052
19,pcu|N59|E167,1.0,0.665674,48c3f1c9-0f56-4e8d-b083-246536250c6e,108e7d9e-4323-4252-8111-7ccb683074b1,2026-08-12T16:36:01.337967+00:00,new,4,pcu_N59_E167,1.0,0.665674,0.3383020564946448,0.4869260841444052
20,pcu|N16|E167,1.0,0.852416,1df48e44-299d-4937-b9e1-fa238db81b98,1ad0dcb9-e181-41e0-a26b-827c7b38f491,2026-08-12T16:36:03.384209+00:00,new,5,pcu_N16_E167,1.0,0.852416,0.3734742270923112,0.4869260841444052
21,pcu|N16|E174,0.4376292974321685,1.75,951fe64b-e4c7-4bfb-ae92-8501a5a291de,58925754-ef56-4ec3-978d-14c08025518e,2026-08-12T16:36:08.882542+00:00,new,6,pcu_N16_E174,0.4376292974321685,1.75,0.3033046388114307,0.4869260841444052
22,pcu|N16|E177,0.67364626404707,1.68036,2812e933-e4ee-43a7-bec6-a1a3877c515c,fbb21dc4-8661-4ab5-990d-bb6fad4db19c,2026-08-12T16:36:10.963499+00:00,new,7,pcu_N16_E177,0.67364626404707,1.68036,0.3865628168606499,0.4869260841444052
23,pcu|N16|E192,0.8527291137536862,1.51832,d7b1ce5b-2b31-438e-8991-e872f0a624b1,91cc493a-ce5b-427a-add8-efd8a4811080,2026-08-12T16:36:12.663782+00:00,new,8,pcu_N16_E192,0.8527291137536862,1.51832,0.4275943712536448,0.4869260841444052
24,pcu|N16|E203,0.1529095364722174,3.4805,384d6629-f2f5-464d-b523-25ccdc158a3f,2c76e7d8-c62a-49db-b11c-5ee950240c95,2026-08-12T16:36:14.514467+00:00,new,9,pcu_N16_E203,0.1529095364722174,3.4805,0.21247967740060927,0.4869260841444052
25,pcu|N16|E213,0.3487444465503566,1.79858,91b81076-7f2f-490d-ac80-6b2ad77da06d,5dad2fca-a6b4-4722-a864-dafcf78235db,2026-08-12T16:36:17.382385+00:00,new,10,pcu_N16_E213,0.3487444465503566,1.79858,0.2675939462861709,0.4869260841444052
26,pcu|N16|E226,1.0,0.517023,2d44930d-fec8-4f4a-bd6e-561facc26b8c,f65f5bd9-b9a7-4c77-8b1d-28cc7e07d9b1,2026-08-12T16:36:22.496717+00:00,new,11,pcu_N16_E226,1.0,0.517023,0.305776387364493,0.4869260841444052
27,pcu|N16|E73,0.9811962609618274,1.12968,7d8914db-3983-430c-9763-6fc64f009492,bca39231-04be-4a93-9bf7-470f20aa2757,2026-08-12T16:36:24.274301+00:00,new,12,pcu_N16_E73,0.9811962609618274,1.12968,0.41327173811040935,0.4869260841444052
28,pcu|N16|E4,0.1447980031931525,3.63395,51214ed4-addb-42a1-be25-5ea1459291c5,01ec963a-b240-4fe9-8686-c1cf2c96c6b4,2026-08-12T16:36:26.334279+00:00,new,13,pcu_N16_E4,0.1447980031931525,3.63395,0.20922285434650817,0.4869260841444052
29,pcu|N16|E50,1.0,0.973386,dacf3d44-8608-41fa-97fb-73daf1281ffc,f5fcd53f-55e1-49af-ab7f-83c392a28306,2026-08-12T16:36:27.570207+00:00,new,14,pcu_N16_E50,1.0,0.973386,0.3938347543340465,0.4869260841444052
30,pcu|N16|E78,0.198518018440271,2.98888,7eb640bb-338b-4f45-aa6d-480945662057,d9805190-d431-4666-88f5-baacfcfed089,2026-08-12T16:36:29.623778+00:00,new,15,pcu_N16_E78,0.198518018440271,2.98888,0.23382091221221663,0.4869260841444052
31,pcu|N16|E56,0.0254594656561325,3.38387,72b77062-8af0-47e9-b4ee-29ae7bae430d,baaed249-fee8-4641-be3c-e8f072289ffe,2026-08-12T16:36:34.405157+00:00,new,16,pcu_N16_E56,0.0254594656561325,3.38387,0.07165970875185794,0.4869260841444052
32,pcu|N16|E85,0.9987658020854884,1.26201,a7f7a293-ff80-4df7-be92-025af984b93b,40e0daea-a961-456b-9849-4df487723d39,2026-08-12T16:36:36.410626+00:00,new,17,pcu_N16_E85,0.9987658020854884,1.26201,0.4366196896969952,0.4869260841444052
33,pcu|N16|E79,1.0,0.935094,3428d997-c465-414f-a490-bbdef242fa03,ebd09be7-85e1-4b68-acd4-91e2ecdfda3b,2026-08-12T16:36:38.186123+00:00,new,18,pcu_N16_E79,1.0,0.935094,0.3875628207776586,0.4869260841444052
34,pcu|N16|E88,0.9070914182877994,1.38478,c744f73f-6bfd-49c0-80a9-6f2d6a8f3fb8,655df543-fa5f-43f0-b3b0-0b9d1942c2c4,2026-08-12T16:36:39.483511+00:00,new,19,pcu_N16_E88,0.9070914182877994,1.38478,0.42770364156001156,0.4869260841444052
35,pcu|N180|E129,0.2265034481378095,2.8661,fb5d9bfc-45aa-4e14-a24e-e586e5189ff2,25833434-4eda-46c7-8e3a-fe61885fe9df,2026-08-12T16:36:44.391696+00:00,new,20,pcu_N180_E129,0.2265034481378095,2.8661,0.24886362699295111,0.4869260841444052
36,pcu|N180|E133,0.3663973592115803,2.46418,282e9223-90e7-4aa9-8971-5ebe2409e43a,94d23ba6-cc77-47de-98ee-a182a2b574c9,2026-08-12T16:36:51.444750+00:00,new,21,pcu_N180_E133,0.3663973592115803,2.46418,0.3126369982797662,0.4869260841444052
37,pcu|N180|E174,0.7228673992280666,1.78499,dc41caa4-206e-4fda-befc-2ab1b3184bf6,7dcdb547-a4dd-4fd5-a18d-22296d1119c8,2026-08-12T16:36:56.574183+00:00,new,22,pcu_N180_E174,0.7228673992280666,1.78499,0.4131326305089948,0.4869260841444052
38,pcu|N180|E147,0.9196589722460342,1.92663,7c1270e4-c0ca-4a68-af2b-fb4490d9e232,15d729f2-e462-4c77-91d5-4ffa885912f3,2026-08-12T16:37:00.041166+00:00,new,23,pcu_N180_E147,0.9196589722460342,1.92663,0.49214764890003304,0.49214764890003304
39,pcu|N180|E177,0.9272413205248202,1.70642,b3b52c89-af74-42e2-b1c4-65b72e472997,2cea8e53-b833-4e65-b931-65a705d184f1,2026-08-12T16:37:03.605018+00:00,new,24,pcu_N180_E177,0.9272413205248202,1.70642,0.4711400667288454,0.49214764890003304
40,pcu|N180|E167,1.0,0.835284,78d1cba2-9c7a-4b20-9192-f893162a9bb6,a19e184c-b5ea-4df5-853f-5cd163c59de0,2026-08-12T16:37:07.255176+00:00,new,25,pcu_N180_E167,1.0,0.835284,0.3704534681848736,0.49214764890003304
41,pcu|N180|E192,0.9825995668185168,1.51922,9d914b32-042a-40bc-9679-ee24561b2e4a,4ddedfc3-f7f8-40ae-9447-cef36b008f24,2026-08-12T16:37:13.125081+00:00,new,26,pcu_N180_E192,0.9825995668185168,1.51922,0.4656656558157081,0.49214764890003304
42,pcu|N180|E213,0.6459283751374392,1.84404,2d1f78ee-b0fe-4fc5-9252-78fe67be14d9,71bdaf80-7c51-493d-beb5-efdc7959d935,2026-08-12T16:37:17.779540+00:00,new,27,pcu_N180_E213,0.6459283751374392,1.84404,0.3912179318160324,0.49214764890003304
43,pcu|N180|E203,0.3278155448745958,3.67885,94fb97fe-f98b-459b-94c2-9dda90f9301f,2de6ff90-0a74-4009-92cb-5b378665ec33,2026-08-12T16:37:20.785584+00:00,new,28,pcu_N180_E203,0.3278155448745958,3.67885,0.34329111121140815,0.49214764890003304
44,pcu|N214|E192,0.9685708058799718,1.61891,a8f34c04-b474-4d02-a7b7-7b3804cb54bc,b6e7ee22-df25-4625-891f-3f244e7ba694,2026-08-12T16:37:22.738961+00:00,new,29,pcu_N214_E192,0.9685708058799718,1.61891,0.47355225288369396,0.49214764890003304
45,pcu|N180|E226,1.0,0.468781,4ff2f4a8-1941-4ef1-8e46-ebc5ed34ae92,d37cc264-3272-47c2-8016-1131e1e8176e,2026-08-12T16:37:26.091969+00:00,new,30,pcu_N180_E226,1.0,0.468781,0.2940275332794645,0.49214764890003304
46,pcu|N180|E4,0.3099608257566635,3.81315,835572f9-24f7-4f4a-b4c4-8194fef8922b,8f6babe4-83f2-4db8-9f81-a69bdcf3f215,2026-08-12T16:37:32.840208+00:00,new,31,pcu_N180_E4,0.3099608257566635,3.81315,0.33674227483042457,0.49214764890003304
47,pcu|N47|E79,0.9379747229851836,1.52592,0cdcccf0-b2e0-4bba-b333-f78ec60db0e4,13dd8d62-cd30-406b-9d2e-9975d67be70c,2026-08-12T16:37:36.152305+00:00,new,32,pcu_N47_E79,0.9379747229851836,1.52592,0.4536567603602127,0.49214764890003304
48,pcu|N214|E174,0.6903322470037281,1.84841,fa1a9b49-ea79-440b-8c2d-613458972427,05759740-e6be-403d-ac4d-a0920cbfbb36,2026-08-12T16:37:39.484030+00:00,new,33,pcu_N214_E174,0.6903322470037281,1.84841,0.40752496633591184,0.49214764890003304
49,pcu|N180|E50,1.0,0.932292,7a243750-842d-4e47-a811-23514d16cd42,6de75aef-e0e1-4e9e-a3c0-f622504078f6,2026-08-12T16:37:41.599944+00:00,new,34,pcu_N180_E50,1.0,0.932292,0.3870978712434066,0.49214764890003304
50,pcu|N180|E78,0.4671043113164995,3.13625,132a38f7-3e69-4f04-b8fe-236231006aa2,3c2b7bf2-f13b-47db-993f-165bec426b3c,2026-08-12T16:37:44.884992+00:00,new,35,pcu_N180_E78,0.4671043113164995,3.13625,0.39830209910433284,0.49214764890003304
51,pcu|N180|E56,0.0661539285372252,3.51417,741ee8f8-d7dd-4f3a-98db-8de8c4ed6578,d0d37892-84d3-4fc3-b32a-c6172fbeac33,2026-08-12T16:37:52.200614+00:00,new,36,pcu_N180_E56,0.0661539285372252,3.51417,0.12902162000658254,0.49214764890003304
52,pcu|N180|E73,1.0,1.12663,75e5925b-938f-4f9d-a80b-fb92b8cd1fbe,e4453f65-a645-44c0-8c56-9617e48b6ec5,2026-08-12T16:37:55.211236+00:00,new,37,pcu_N180_E73,1.0,1.12663,0.41755388095851415,0.49214764890003304
53,pcu|N180|E79,1.0,0.89239,113f6b53-f5e9-48de-b988-5cf741aa820b,ed539d1a-2fb2-4c05-8224-a61c606a8464,2026-08-12T16:37:58.410406+00:00,new,38,pcu_N180_E79,1.0,0.89239,0.3803836820359119,0.49214764890003304
54,pcu|N180|E85,0.9639285016028324,1.26678,8896ddf3-1678-4dae-9423-612395ce7cd2,bf237a38-2a35-4dbf-9a55-47ed91255277,2026-08-12T16:38:01.822989+00:00,new,39,pcu_N180_E85,0.9639285016028324,1.26678,0.4280626860250268,0.49214764890003304
55,pcu|N214|E73,0.999927378153094,1.21133,33ad0cd4-fafe-4d78-8c53-c5a58346a434,dc49ef5b-3e38-476e-94f1-26b228ecac69,2026-08-12T16:38:04.000201+00:00,new,40,pcu_N214_E73,0.999927378153094,1.21133,0.42981945090634394,0.49214764890003304
56,pcu|N180|E88,1.0,1.37564,e385b5dd-38e7-40d0-8c98-b1c31ba1b870,aab61f41-e581-4eb6-98d2-830621582830,2026-08-12T16:38:09.892968+00:00,new,41,pcu_N180_E88,1.0,1.37564,0.4522743083936489,0.49214764890003304
57,pcu|N214|E129,0.3878142060593697,2.9537,40232d22-83cf-4b30-92b7-098631f77463,90b3de6f-f065-4d9f-8a20-a1a4df97293a,2026-08-12T16:38:13.077998+00:00,new,42,pcu_N214_E129,0.3878142060593697,2.9537,0.34779295570120716,0.49214764890003304
58,pcu|N214|E147,0.922335487345748,2.01509,cb2463f0-3ad5-4e0b-9a15-80c54b79101f,537cb174-14cc-40be-9a53-50dbedc0517a,2026-08-12T16:38:15.295039+00:00,new,43,pcu_N214_E147,0.922335487345748,2.01509,0.5019392186964188,0.5019392186964188
59,pcu|N214|E203,0.3088271017573212,3.84102,29c5a129-8c7b-4506-900a-96868b331e61,bd5337e2-e1a6-4558-87a0-bc45b4170806,2026-08-12T16:38:17.185230+00:00,new,44,pcu_N214_E203,0.3088271017573212,3.84102,0.3369829057744323,0.5019392186964188
60,pcu|N214|E133,0.3289510648099287,2.52487,200e332a-3d90-4ac5-a1d9-b75ed1eec8ba,e80163d9-47a6-46da-85f3-a425b4d1a5a0,2026-08-12T16:38:20.036715+00:00,new,45,pcu_N214_E133,0.3289510648099287,2.52487,0.2959200466625135,0.5019392186964188
61,pcu|N214|E167,1.0,0.894166,24be6e35-33b2-4adb-a928-777ab8867ff9,3e9b597d-21ee-4018-9746-492aa42a104a,2026-08-12T16:38:25.816859+00:00,new,46,pcu_N214_E167,1.0,0.894166,0.38068631138138215,0.5019392186964188
62,pcu|N214|E4,0.2963722153166991,3.9607,066120a2-b702-4c9f-8c96-7d61ed7c5d95,60d33c23-ebdd-4a0d-8615-c4ee950883e1,2026-08-12T16:38:28.230960+00:00,new,47,pcu_N214_E4,0.2963722153166991,3.9607,0.33282142152628197,0.5019392186964188
63,pcu|N214|E177,0.8289377148005842,1.7931,3b8ea7d9-3185-4375-a8f4-ed432901da1c,573b2921-7236-4554-a45f-f3479c6ced97,2026-08-12T16:38:30.628108+00:00,new,48,pcu_N214_E177,0.8289377148005842,1.7931,0.4493191658191535,0.5019392186964188
64,pcu|N214|E226,1.0,0.506108,1179c3e2-9117-4d3a-bba9-5c8302809fc2,b079acf7-2b4f-4a25-96dd-09460432746b,2026-08-12T16:38:32.814633+00:00,new,49,pcu_N214_E226,1.0,0.506108,0.3031777188091735,0.5019392186964188
65,pcu|N214|E213,0.6320423805436955,1.90745,33361fa0-cca1-4d18-a473-79c06afccb9c,f5844e50-6514-4897-9f13-b8f950870178,2026-08-12T16:38:35.833550+00:00,new,50,pcu_N214_E213,0.6320423805436955,1.90745,0.39140735755588046,0.5019392186964188
