"param_catalyst_type","param_oxidant_type","param_catalyst_equiv","param_TFAA_equiv","param_oxidant_equiv","param_light_intensity","param_residence_time_min","obj_yield_percent","obj_green_score","result_id","suggestion_id","created_at"
"4CzIPN","py NO","0.0025","2.2","1.8","50","30.0","0.0","60.30844155844155","70d9dc3f-2346-419a-a661-0529203fed9c","","2026-07-25T04:50:14.221434+00:00"
"Ru bpy Cl","py NO","0.001","0.9","0.9","75","10.0","30.037732281591182","98.29545454545455","21c76877-2ef2-40af-b621-f5ddc110e39b","","2026-07-25T04:50:14.255880+00:00"
"Ir CF3 ppy","4-Ph py NO","0.004","3.5","3.0","100","75.0","15.766697453699585","4.261363636363635","67e63622-7645-40ae-bf2e-5d399c14ff35","","2026-07-25T04:50:14.438006+00:00"
"Ir ppy","py NO","0.002","1.4","2.4","25","45.0","11.930255522523904","65.94785422910422","67dfeccd-723e-4153-812a-46bb2a9cfd98","","2026-07-25T04:50:14.469106+00:00"
"Ru bpy PF6","4-Ph py NO","0.0035","3.0","1.2","75","20.0","13.136061617657441","51.567703130203135","93384a57-4310-4171-a394-1248d673beb5","","2026-07-25T04:50:14.503045+00:00"
"4CzIPN","4-Ph py NO","0.0015","1.7","2.5","50","90.0","7.574024955754647","56.59340659340659","c729a5b7-0078-4ef1-9074-41b1d52ed7d4","","2026-07-25T04:50:14.533609+00:00"
"Ru bpy Cl","py NO","0.001","0.9","0.9","100","2.0","15.229219976533518","100.0","21ef71ff-c801-4535-8c52-14c2238cb3d6","","2026-07-25T04:50:14.564041+00:00"
"Ru bpy Cl","py NO","0.001","0.9","0.9","75","32.147054044602015","27.638363856448734","93.57662200754218","3e0d7d3a-159e-486d-b4cc-90c6284685b5","","2026-07-25T04:50:14.595419+00:00"
"Ru bpy Cl","py NO","0.001","0.9","0.9","50","2.0","11.557190298459707","100.0","a3b2bb9d-4d4d-4228-9816-4e51d512ff9d","","2026-07-25T04:50:14.626849+00:00"
